"","p_val","avg_log2FC","pct.1","pct.2","p_val_adj"
"CCL5",1.18702955491266e-98,7.82741052566907,0.965,0.062,1.22252173860454e-94
"B2M",2.33944121124386e-88,2.35755342573884,1,0.977,2.40939050346005e-84
"GZMA",5.68605901420607e-81,7.57208506216826,0.855,0.038,5.85607217873083e-77
"CST7",6.35049422613781e-80,6.33647684548399,0.864,0.077,6.54037400349933e-76
"HCST",4.89138112728973e-79,6.19302610628209,0.867,0.112,5.03763342299569e-75
"EPCAM",7.64366168044657e-77,-6.0609437549731,0.012,0.746,7.87220716469193e-73
"HLA-C",2.33038790526467e-75,1.8287006879781,0.997,0.869,2.40006650363209e-71
"CLDN4",1.54851048351855e-73,-6.00059655342976,0.02,0.731,1.59481094697575e-69
"ELF3",7.01056534315788e-73,-6.79245671431607,0.014,0.715,7.2201812469183e-69
"BTG1",1.04209074434794e-68,3.05156422072636,0.939,0.662,1.07324925760394e-64
"CD9",2.29707143802691e-68,-4.22358782872856,0.084,0.796,2.36575387402392e-64
"EMP2",6.15332162132541e-67,-7.90254350775572,0.006,0.662,6.33730593780304e-63
"CORO1A",1.78574715603033e-66,5.22511639271579,0.809,0.158,1.83914099599564e-62
"HLA-B",8.30319134647179e-64,1.674022314635,0.997,0.881,8.5514567677313e-60
"C19orf33",4.96568052316168e-63,-6.39675872451653,0.009,0.638,5.11415437080421e-59
"CD52",1.0961125431269e-62,5.33744025616233,0.795,0.169,1.12888630816639e-58
"CD59",6.83436947722019e-61,-3.93635978515698,0.069,0.731,7.03871712458907e-57
"APP",8.04453527524005e-60,-6.18977962848859,0.006,0.608,8.28506687996973e-56
"FXYD3",6.92088521770756e-59,-4.86042872457851,0.035,0.654,7.12781968571701e-55
"APLP2",7.18714805664511e-59,-3.6363594055871,0.09,0.735,7.40204378353879e-55
"CEACAM6",1.20135747865582e-58,-6.23332335341565,0.014,0.612,1.23727806726763e-54
"CTNNA1",1.79694707790952e-58,-3.63217290428677,0.035,0.673,1.85067579553902e-54
"CTSW",2.57773439605722e-58,8.3669945098672,0.676,0.012,2.65480865449933e-54
"GSTP1",4.1601356224954e-58,-2.29382238215555,0.54,0.95,4.28452367760801e-54
"ATP1B1",6.11356192714691e-58,-4.33980419091185,0.043,0.669,6.2963574287686e-54
"GSN",7.65756473113853e-58,-4.74682421613489,0.023,0.635,7.88652591659957e-54
"CLDN7",1.79294423283095e-57,-5.68615008207615,0.009,0.596,1.84655326539259e-53
"HLA-A",2.09832861459402e-57,1.41156247340067,1,0.896,2.16106864017038e-53
"GPRC5A",2.51591874192292e-57,-5.36304303091212,0.014,0.608,2.59114471230642e-53
"CXCR4",5.14452881840987e-57,5.71440389272365,0.734,0.112,5.29835023008033e-53
"HLA-E",6.40832465112206e-57,1.93640211593478,0.925,0.727,6.59993355819061e-53
"BRI3",7.2064724143492e-57,-3.95650202464095,0.052,0.677,7.42194593953824e-53
"AGR2",2.52510711177653e-56,-5.24032503885127,0.032,0.627,2.60060781441865e-52
"CST3",3.99291364799758e-56,-3.12024239765608,0.199,0.812,4.1123017660727e-52
"CCL4",1.04625137868041e-55,7.12462285428093,0.754,0.2,1.07753429490295e-51
"GZMH",2.6584906630572e-55,7.47813019818635,0.662,0.023,2.73797953388261e-51
"ARHGDIB",9.29647631943062e-55,2.57516034704037,0.87,0.558,9.5744409613816e-51
"BLVRB",5.94096117258584e-54,-3.35806382614135,0.043,0.654,6.11859591164616e-50
"HES1",1.13162999662072e-53,-6.20025086408724,0.006,0.558,1.16546573351968e-49
"CYB5A",8.27590039733837e-53,-3.31512440445444,0.113,0.746,8.52334981921878e-49
"CTTN",1.97613716713585e-52,-10.6438443643254,0,0.531,2.03522366843321e-48
"ARPC1A",6.35439012646421e-52,-3.37364180462766,0.043,0.642,6.54438639124549e-48
"CD63",1.52982384397219e-51,-2.17064883781016,0.543,0.931,1.57556557690695e-47
"CD3D",2.22056808620636e-50,6.94039016827891,0.63,0.035,2.28696307198393e-46
"GMFG",2.65493997709339e-50,4.04115819105533,0.705,0.108,2.73432268240848e-46
"BCAM",1.21274009413955e-49,-6.93557688083706,0.003,0.515,1.24900102295432e-45
"CD2",2.12161178591201e-49,7.25493440065681,0.616,0.027,2.18504797831078e-45
"CLDN3",2.25471600139368e-49,-4.96381771009931,0.014,0.542,2.32213200983535e-45
"CD3E",5.04780591225745e-49,6.50776162192392,0.616,0.031,5.19873530903395e-45
"CD48",8.32066035951222e-49,6.14977591993728,0.63,0.05,8.56944810426164e-45
"CRIP2",2.33408758956162e-48,-4.06819710838722,0.029,0.569,2.40387680848951e-44
"EFNA1",2.95899536538092e-48,-6.03913066581224,0.006,0.512,3.04746932680581e-44
"CCND1",9.25975997638471e-48,-5.78426161956504,0.006,0.508,9.53662679967862e-44
"GPX1",2.20933421188962e-47,-2.42750236265323,0.24,0.815,2.27539330482511e-43
"CD151",4.66029144316846e-47,-2.99287682445273,0.087,0.673,4.7996341573192e-43
"AK1",4.83966674634869e-47,-3.41079030462179,0.035,0.577,4.98437278206452e-43
"CD37",8.67969295975123e-47,6.19898672005376,0.601,0.035,8.93921577924779e-43
"CXCL17",1.9237596584875e-46,-5.50519566583513,0.017,0.519,1.98128007227628e-42
"FAM213A",1.92548388541789e-46,-5.56269089747187,0.003,0.488,1.98305585359188e-42
"H1F0",1.97720664456942e-46,-5.26800921297616,0.009,0.504,2.03632512324204e-42
"ANXA2",3.41489376332898e-46,-2.45908244877087,0.39,0.869,3.51699908685252e-42
"CDH1",4.15713966989926e-46,-7.03863190846772,0.003,0.485,4.28143814602925e-42
"DMKN",5.56338957246644e-46,-5.75884235102357,0.006,0.492,5.72973492068318e-42
"CRABP2",5.86977205614647e-46,-6.20921499511443,0.009,0.496,6.04527824062525e-42
"GZMM",2.0643945465581e-45,6.24493600648723,0.592,0.038,2.12611994350019e-41
"CD24",2.52411930632438e-45,-6.68874100562014,0.009,0.488,2.59959047358348e-41
"ERRFI1",3.47814453106969e-45,-4.72876343152196,0.014,0.508,3.58214105254867e-41
"F11R",1.26620046631117e-44,-5.36904947935557,0.006,0.481,1.30405986025388e-40
"CSTB",2.15709905300015e-44,-2.664882811156,0.373,0.862,2.22159631468485e-40
"HDLBP",2.506726560338e-44,-2.72028682318983,0.04,0.577,2.58167768449211e-40
"CKB",2.79645550055604e-44,-5.8095046692369,0.006,0.477,2.88006952002266e-40
"CRNDE",3.74427307214087e-44,-5.11749203131593,0.006,0.477,3.85622683699788e-40
"DSTN",7.25676541840122e-44,-2.09719313026217,0.277,0.831,7.47374270441142e-40
"ERBB3",3.68823605207565e-43,-10.451018779434,0,0.45,3.79851431003271e-39
"GZMB",3.96959691182596e-43,6.16927382664395,0.584,0.05,4.08828785948956e-39
"CD7",4.00927673205185e-43,5.88778442645642,0.587,0.054,4.1291541063402e-39
"HMGB3",4.52418184460908e-43,-4.77114826099155,0.014,0.488,4.65945488176289e-39
"FTH1",4.75086022938821e-43,-1.46458035009735,0.991,0.996,4.89291095024692e-39
"CAV2",9.83391105316998e-43,-10.9056023640312,0,0.446,1.01279449936598e-38
"DHCR24",1.62121774231986e-42,-5.21013370078287,0.009,0.469,1.66969215281523e-38
"EVL",1.96194161591059e-42,4.42768777748275,0.647,0.146,2.02060367022632e-38
"DDR1",2.6137286212508e-42,-10.0078965879748,0,0.442,2.69187910702619e-38
"FOLR1",2.73131324373872e-42,-4.8756551582711,0.014,0.481,2.81297950972651e-38
"CALU",6.80765127809305e-42,-3.32208685214578,0.029,0.519,7.01120005130803e-38
"GDF15",8.43922469128076e-42,-6.75803547147539,0.003,0.446,8.69155750955005e-38
"CRB3",1.02512335774458e-41,-5.73901195593709,0.003,0.446,1.05577454614114e-37
"CETN2",1.21070114411798e-41,-3.31450107026774,0.029,0.519,1.24690110832711e-37
"CYSTM1",1.23997662341425e-41,-2.78510944098161,0.075,0.619,1.27705192445433e-37
"FAM129B",1.82898137534135e-41,-10.0896587742303,0,0.435,1.88366791846405e-37
"EGR1",3.09990275897775e-41,-3.26684277219755,0.081,0.604,3.19258985147119e-37
"CNN3",5.1158765710754e-41,-3.62073521141046,0.023,0.496,5.26884128055055e-37
"ATF3",1.25346583166688e-40,-3.98942387959472,0.029,0.5,1.29094446003372e-36
"EPHX1",1.93009833237228e-40,-5.14854329376956,0.009,0.45,1.98780827251021e-36
"CD69",3.048227349605e-40,6.41544752785223,0.546,0.038,3.13936934735819e-36
"DUSP2",4.13331048161758e-40,5.29504538254414,0.604,0.112,4.25689646501795e-36
"CDC42EP1",4.78613866459224e-40,-5.81594451762649,0.003,0.431,4.92924421066354e-36
"CD53",5.72216882772434e-40,5.86149091089646,0.549,0.046,5.89326167567329e-36
"ABCC3",8.62543089272619e-40,-10.4049264435486,0,0.419,8.8833312764187e-36
"BNIP3",1.00819941041574e-39,-2.6464011410927,0.055,0.565,1.03834457278717e-35
"ASPH",1.1664217017339e-39,-4.45007752527542,0.023,0.477,1.20129771061575e-35
"AGRN",2.24284996131904e-39,-10.1786035083887,0,0.415,2.30991117516248e-35
"ADAM15",2.7130079132748e-39,-3.72838646687768,0.017,0.465,2.79412684988172e-35
"CTSH",5.11880785098679e-39,-3.48524612377162,0.055,0.538,5.27186020573129e-35
"ENAH",8.466158458276e-39,-5.52395028996078,0.003,0.419,8.71929659617846e-35
"GOLM1",2.0828317368101e-38,-2.92535468100229,0.029,0.488,2.14510840574072e-34
"ADI1",2.72500865897172e-38,-2.46506007256658,0.058,0.558,2.80648641787497e-34
"CTNND1",5.1824248716495e-38,-6.25520669381654,0.003,0.412,5.33737937531182e-34
"EI24",9.46149881482446e-38,-2.65356578059741,0.04,0.515,9.74439762938771e-34
"ACAP1",1.12678000693006e-37,6.10985977655492,0.535,0.054,1.16047072913727e-33
"CLTC",1.5229851000333e-37,-2.5485325022955,0.046,0.527,1.56852235452429e-33
"C8orf4",2.29030176245234e-37,-5.6077583042929,0.012,0.427,2.35878178514967e-33
"EPS8",3.0236395694864e-37,-6.52587697946282,0.003,0.404,3.11404639261405e-33
"CYR61",4.46621740189391e-37,-4.82173038000675,0.012,0.427,4.59975730221054e-33
"GPX4",8.3368327428268e-37,-1.83651560486906,0.436,0.854,8.58610404183732e-33
"CTSZ",1.01971058056881e-36,-2.38780163226999,0.052,0.535,1.05019992692781e-32
"CNIH4",1.19920749521053e-36,-2.3887798558132,0.095,0.619,1.23506379931732e-32
"GTF2I",1.760750745722e-36,-1.98936713146052,0.101,0.638,1.81339719301909e-32
"FCGRT",1.91375693879146e-36,-2.49596191601515,0.064,0.554,1.97097827126133e-32
"COA3",2.09642165084743e-36,-1.94679156815643,0.098,0.635,2.15910465820777e-32
"AGPAT2",3.25620710040922e-36,-2.1251376281697,0.061,0.554,3.35356769271145e-32
"ANAPC11",4.61513715710463e-36,-1.79900864549736,0.254,0.781,4.75312975810206e-32
"AP1M2",6.17938298557058e-36,-5.06389852957811,0.003,0.392,6.36414653683914e-32
"DUSP6",9.90678031859366e-36,-3.32132772126452,0.046,0.496,1.02029930501196e-31
"DSP",2.67968845804549e-35,-10.2683886990047,0,0.377,2.75981114294105e-31
"ERBB2",3.44797826217114e-35,-3.77966060784203,0.012,0.412,3.55107281221005e-31
"FARP1",3.8302740484603e-35,-5.59360022509885,0.003,0.385,3.94479924250927e-31
"C16orf89",4.36284109780973e-35,-4.56560505299143,0.012,0.408,4.49329004663424e-31
"ARPC2",5.20111923859335e-35,1.73247745044712,0.824,0.708,5.35663270382729e-31
"CD8A",7.87395603059616e-35,7.88898845085594,0.462,0.012,8.10938731591098e-31
"AK2",8.10262696402915e-35,-2.01976506786104,0.064,0.546,8.34489551025362e-31
"ATP11A",8.28002007898677e-35,-3.36164680943602,0.023,0.438,8.52759267934847e-31
"EGFL7",8.3351714618364e-35,-6.91836399408483,0.003,0.381,8.58439308854531e-31
"ALOX5AP",9.38734721591303e-35,4.56925319169326,0.538,0.081,9.66802889766883e-31
"FAM114A1",9.88548662059746e-35,-5.4923222843363,0.003,0.381,1.01810626705533e-30
"FAM127B",1.43102786419162e-34,-3.1058932678618,0.02,0.431,1.47381559733095e-30
"GGCT",1.68435657369096e-34,-2.49364019824869,0.052,0.508,1.73471883524432e-30
"FAM3C",1.88995093913291e-34,-2.54273090496915,0.084,0.569,1.94646047221299e-30
"ALCAM",2.24368054182726e-34,-6.03338881458696,0.003,0.377,2.31076659002789e-30
"C15orf48",2.97108910151174e-34,-5.4638246808561,0.017,0.412,3.05992466564695e-30
"ERO1A",3.3368877210062e-34,-3.70578090223077,0.035,0.458,3.43666066386428e-30
"FUCA1",3.33856974152803e-34,-3.10013160730748,0.026,0.442,3.43839297679972e-30
"GCSH",3.98802653260947e-34,-2.80957001655699,0.029,0.45,4.1072685259345e-30
"ADIRF",4.14853675461875e-34,-6.18370177409589,0.012,0.396,4.27257800358185e-30
"EGFR",4.22523260179383e-34,-10.0644680542878,0,0.365,4.35156705658747e-30
"GPRC5C",4.22523260179383e-34,-9.58621429568251,0,0.365,4.35156705658747e-30
"ANXA3",5.0788795577444e-34,-6.84861938188931,0.003,0.373,5.23073805652096e-30
"BAIAP2L1",6.01995564977286e-34,-5.33046135767183,0.003,0.373,6.19995232370107e-30
"GPX3",1.0532783789931e-33,-11.0210831041644,0,0.362,1.08477140252499e-29
"HEBP1",1.27658146291344e-33,-2.52366720303823,0.026,0.438,1.31475124865455e-29
"DSG2",1.49904132050393e-33,-5.66321070662113,0.003,0.369,1.543862655987e-29
"AP1S1",1.80420974018481e-33,-2.32587661624577,0.061,0.523,1.85815561141634e-29
"CD247",2.00968786045915e-33,7.30714990596883,0.457,0.019,2.06977752748688e-29
"ANXA4",2.04000183187792e-33,-2.27271756021198,0.064,0.531,2.10099788665107e-29
"C9orf3",2.61795491875688e-33,-9.43536811815475,0,0.358,2.69623177082771e-29
"HOOK2",3.00385799705238e-33,-2.58602174653796,0.043,0.477,3.09367335116425e-29
"AGR3",3.39950879656853e-33,-5.42965072142831,0.014,0.392,3.50115410958593e-29
"CBR1",3.75413992386135e-33,-2.74207985919455,0.049,0.485,3.8663887075848e-29
"HES4",4.21128900211972e-33,-2.34872386680266,0.014,0.4,4.33720654328309e-29
"CLPTM1L",4.32153083656986e-33,-2.70780201015737,0.043,0.473,4.4507446085833e-29
"CXCL2",5.0914275414164e-33,-4.50013469001607,0.043,0.454,5.24366122490475e-29
"GALE",7.57685666294706e-33,-3.54733451410832,0.017,0.404,7.80340467716918e-29
"CXADR",8.65748139691368e-33,-6.21811256382161,0.003,0.362,8.9163400906814e-29
"CMTM8",1.06436289286403e-32,-3.43909304575427,0.014,0.396,1.09618734336067e-28
"BAIAP2",1.10222181020402e-32,-3.11038362993629,0.02,0.412,1.13517824232912e-28
"CKAP4",1.29218584408997e-32,-4.15826490530464,0.006,0.369,1.33082220082826e-28
"DYNC1LI2",2.05943369767123e-32,-2.70956344564111,0.035,0.446,2.1210107652316e-28
"GRN",2.54352285858431e-32,-2.08850629051658,0.104,0.596,2.61957419205598e-28
"CEBPD",3.51327342921037e-32,-2.32852339919139,0.072,0.527,3.61832030474376e-28
"FNIP2",4.91920013194004e-32,-3.53855597883407,0.023,0.412,5.06628421588505e-28
"GNAQ",5.88962961397696e-32,-3.45836811248597,0.014,0.388,6.06572953943487e-28
"COPRS",1.28634508728844e-31,-3.53684895434511,0.012,0.377,1.32480680539836e-27
"DAP",1.87755134839655e-31,-2.27400663205926,0.066,0.512,1.93369013371361e-27
"DST",3.10449567281526e-31,-6.08978250177045,0.003,0.346,3.19732009343244e-27
"ATOX1",3.64522358917417e-31,-1.70070938088258,0.116,0.619,3.75421577449048e-27
"CPM",4.24205938749559e-31,-4.68304149612255,0.009,0.362,4.36889696318171e-27
"GPSM3",5.21914338306218e-31,3.86371844256743,0.546,0.138,5.37519577021574e-27
"HEBP2",7.85748837622722e-31,-1.83798991744582,0.087,0.554,8.09242727867641e-27
"ACTN1",7.91048016629191e-31,-3.39341715628003,0.017,0.385,8.14700352326404e-27
"DPCD",8.2014815202491e-31,-5.29124163757725,0.003,0.342,8.44670581770455e-27
"DPY30",9.23430839522468e-31,-1.75716160539086,0.139,0.646,9.5104142162419e-27
"ARL2",9.40253804165991e-31,-1.73690899860479,0.064,0.508,9.68367392910554e-27
"CYBA",9.46074758346609e-31,1.41645656820763,0.879,0.731,9.74362393621172e-27
"BIN2",1.1859611995239e-30,6.34042026689439,0.428,0.019,1.22142143938966e-26
"CFAP36",1.46766774454734e-30,-2.51243451474481,0.023,0.4,1.5115510101093e-26
"CD81",1.67805093298173e-30,-2.08856308615827,0.107,0.585,1.72822465587789e-26
"CLTA",2.30086282966835e-30,-1.73137983326963,0.199,0.719,2.36965862827543e-26
"CUX1",2.87999186516605e-30,-2.85203527991094,0.02,0.388,2.96610362193452e-26
"CST6",3.07993394121473e-30,-7.39727902025503,0.006,0.342,3.17202396605705e-26
"ASS1",3.43586364767158e-30,-9.82181899742383,0,0.327,3.53859597073696e-26
"ALDH2",4.26358792793236e-30,-2.63948865044964,0.035,0.423,4.39106920697754e-26
"GBAS",5.72030454480661e-30,-2.1471127906393,0.061,0.485,5.89134165069633e-26
"ARSD",6.33567272875311e-30,-3.07852502552309,0.017,0.377,6.52510934334282e-26
"EMP1",6.59852739815877e-30,-4.67440024945382,0.009,0.35,6.79582336736371e-26
"AKR1A1",6.78275737342938e-30,-2.03307050435681,0.072,0.512,6.98556181889492e-26
"BLVRA",8.65548355512806e-30,-2.54936522533827,0.049,0.454,8.91428251342639e-26
"CANX",1.28609693363635e-29,-1.87934586918601,0.142,0.623,1.32455123195208e-25
"BET1",1.29388631137953e-29,-3.04986110188905,0.023,0.388,1.33257351208978e-25
"CYB561",1.32660272220364e-29,-3.37439296344784,0.014,0.365,1.36626814359753e-25
"FLOT1",1.86934307712681e-29,-1.46640893778098,0.095,0.565,1.92523643513291e-25
"CAV1",2.15483957077546e-29,-7.45833907116238,0.006,0.335,2.21926927394164e-25
"HIST1H2AC",2.44806530030402e-29,-3.37325674380565,0.02,0.377,2.52126245278311e-25
"CD46",2.73468863684112e-29,-1.93705803780718,0.081,0.527,2.81645582708267e-25
"CREG1",3.03009877974687e-29,-3.22360737976069,0.02,0.377,3.1206987332613e-25
"CTSB",3.16256654537438e-29,-1.70280902154726,0.133,0.623,3.25712728508107e-25
"HNMT",3.74090964321214e-29,-4.35159482960256,0.006,0.335,3.85276284154418e-25
"CHMP2B",3.86771226554183e-29,-1.73015857219588,0.061,0.485,3.98335686228153e-25
"AHCY",3.92961172065185e-29,-3.03682087568167,0.026,0.392,4.04710711109934e-25
"CHPF",4.10217437427564e-29,-2.81356344880128,0.023,0.385,4.22482938806648e-25
"ADK",4.36508984637462e-29,-2.59301337410707,0.029,0.4,4.49560603278122e-25
"ACOT13",4.49527686220951e-29,-1.91275587143196,0.052,0.462,4.62968564038958e-25
"GIPC1",4.80605678703873e-29,-2.15812983981541,0.04,0.431,4.94975788497119e-25
"AAMDC",7.37847346861725e-29,-2.95404805926652,0.023,0.381,7.59908982532891e-25
"DNPH1",7.48143869276623e-29,-1.42562849332154,0.092,0.554,7.70513370967994e-25
"FLNB",7.5815561907338e-29,-3.04131220659985,0.014,0.358,7.80824472083674e-25
"FYB",8.05798316853613e-29,4.54691820987143,0.477,0.077,8.29891686527536e-25
"C16orf13",1.03464864000698e-28,-1.73310909776954,0.142,0.631,1.06558463434319e-24
"DDAH1",1.17292959547771e-28,-3.70144122368537,0.009,0.338,1.2080001903825e-24
"EPAS1",1.40230491364125e-28,-3.61256923820615,0.014,0.354,1.44423383055913e-24
"FAM83A",1.58826763337003e-28,-5.39673378581016,0.003,0.319,1.63575683560779e-24
"ARHGEF12",1.71776069347352e-28,-2.94907429537385,0.012,0.346,1.76912173820837e-24
"FAM13A",3.62625287996827e-28,-3.08418169507689,0.02,0.365,3.73467784107932e-24
"DYNLT1",4.66386577982726e-28,-1.52382889256158,0.159,0.658,4.80331536664409e-24
"CTNNBIP1",4.90977248915606e-28,-1.81484387416887,0.058,0.465,5.05657468658182e-24
"ATP2A2",5.73230845566793e-28,-1.98240232619229,0.046,0.435,5.9037044784924e-24
"AHR",6.27352820081588e-28,-2.56191784070054,0.04,0.415,6.46110669402027e-24
"CEACAM5",6.64919880093675e-28,-10.1795280617108,0,0.304,6.84800984508476e-24
"EHF",6.64919880093675e-28,-9.2741865978482,0,0.304,6.84800984508476e-24
"CRK",7.40360780041513e-28,-1.90068234917723,0.04,0.419,7.62497567364754e-24
"ETS2",8.24834372919666e-28,-3.52402992947916,0.014,0.346,8.49496920669964e-24
"CKS1B",9.64813323929801e-28,-1.78522242741932,0.049,0.438,9.93661242315302e-24
"ATP1A1",1.43826299601976e-27,-1.35004197186581,0.159,0.665,1.48126705960075e-23
"BAD",1.68808923771353e-27,-1.39274191881373,0.095,0.546,1.73856310592117e-23
"FAM84B",1.98083261631899e-27,-3.21729274775072,0.017,0.35,2.04005951154692e-23
"ASAH1",2.05934023642713e-27,-1.65410192434908,0.142,0.619,2.1209145094963e-23
"CAPN8",2.1751091061379e-27,-5.78234406670408,0.003,0.308,2.24014486841143e-23
"GYPC",2.3868214038144e-27,3.92778433254493,0.46,0.065,2.45818736378845e-23
"CHMP4B",2.87704653656206e-27,-1.68416064449784,0.101,0.55,2.96307022800527e-23
"APOA1BP",3.12495435170566e-27,-1.40363587279295,0.107,0.569,3.21839048682166e-23
"GRINA",3.49255671625029e-27,-2.3275171829832,0.035,0.396,3.59698416206617e-23
"C1orf122",4.45852952093848e-27,-1.71385693981951,0.107,0.55,4.59183955361454e-23
"AQP3",4.86578951485734e-27,-2.75953573244215,0.064,0.446,5.01127662135157e-23
"ERGIC1",5.82035242951001e-27,-1.53125847054717,0.061,0.462,5.99438096715236e-23
"BNIP3L",6.34292239920679e-27,-1.6917143877033,0.09,0.523,6.53257577894308e-23
"CDK4",8.65256466186766e-27,-1.72406880758362,0.061,0.458,8.9112763452575e-23
"BACE2",8.90938756242756e-27,-9.25250018312113,0,0.292,9.17577825054414e-23
"ARHGAP5",1.01510350078813e-26,-3.09655508144781,0.023,0.358,1.04545509546169e-22
"C1orf198",1.23140920102157e-26,-5.3960940392103,0.003,0.3,1.26822833613211e-22
"FGFBP2",1.33264042809963e-26,8.69777872882369,0.373,0.012,1.37248637689981e-22
"FAM195A",1.46842218287185e-26,-2.02690678079026,0.052,0.431,1.51232800613972e-22
"ARCN1",2.31470506596435e-26,-2.13249567286145,0.029,0.373,2.38391474743668e-22
"CD55",3.2420073403811e-26,-1.90431519409004,0.147,0.6,3.33894335985849e-22
"CAPNS1",3.2732255887292e-26,-1.40765761013894,0.095,0.531,3.3710950338322e-22
"GZMK",3.27357728052399e-26,7.86192419208464,0.384,0.023,3.37145724121166e-22
"DUSP23",3.79383036858112e-26,-1.46211968917603,0.127,0.588,3.90726589660169e-22
"FKBP9",3.86129018061687e-26,-4.10827708102325,0.006,0.304,3.97674275701731e-22
"GFPT1",3.94248357966945e-26,-1.75618913072774,0.058,0.442,4.06036383870157e-22
"EXPH5",4.95781863069674e-26,-9.19192992012356,0,0.285,5.10605740775458e-22
"GNG12",4.95781863069674e-26,-8.60612601785354,0,0.285,5.10605740775458e-22
"COMT",5.92098053723638e-26,-1.47633655349638,0.124,0.585,6.09801785529975e-22
"EMP3",7.42685106766577e-26,2.79956290932466,0.63,0.354,7.64891391458898e-22
"GLO1",7.8367658479371e-26,-1.48897030902996,0.098,0.531,8.07108514679042e-22
"BOD1",8.1320321545471e-26,-2.90616873881502,0.017,0.335,8.37517991596806e-22
"CYTIP",9.02369937599946e-26,5.34713934035627,0.387,0.027,9.29350798734185e-22
"FKBP4",9.12951099560093e-26,-2.23463468304587,0.043,0.4,9.4024833743694e-22
"ADGRF5",9.22331295371343e-26,-4.17860067649126,0.006,0.3,9.49909001102946e-22
"FAM127A",9.86232257528839e-26,-2.003877786507,0.038,0.388,1.01572060202895e-21
"CD2AP",1.08548287842842e-25,-1.99051536104322,0.035,0.381,1.11793881649342e-21
"HIST1H2BD",1.12558935980842e-25,-3.83067865910188,0.009,0.308,1.15924448166669e-21
"ARFGEF3",1.16478034862662e-25,-8.91088414460367,0,0.281,1.19960728105056e-21
"EVA1A",1.16478034862662e-25,-9.13426928648809,0,0.281,1.19960728105056e-21
"FNBP1L",1.16478034862662e-25,-8.8131330463726,0,0.281,1.19960728105056e-21
"DYNC1I2",1.62847562788703e-25,-1.50742636064931,0.092,0.515,1.67716704916085e-21
"CHP1",2.69276786366007e-25,-1.29135368816647,0.081,0.488,2.77328162278351e-21
"ESRP1",2.72913769315676e-25,-8.96320119443644,0,0.277,2.81073891018215e-21
"F3",2.72913769315676e-25,-9.15690316781499,0,0.277,2.81073891018215e-21
"AKAP1",3.35208838912901e-25,-3.73462464980676,0.012,0.312,3.45231583196397e-21
"EIF4EBP1",3.86447628103627e-25,-1.69421765518454,0.066,0.45,3.98002412183925e-21
"ATP9A",3.95175099103757e-25,-4.60677881073812,0.003,0.285,4.06990834566959e-21
"C1orf116",4.02001374588871e-25,-4.41564927356476,0.003,0.285,4.14021215689078e-21
"ARL3",4.56129254641641e-25,-2.38739591606269,0.032,0.365,4.69767519355426e-21
"DDX5",4.61863645849326e-25,1.04576540452548,0.893,0.804,4.7567336886022e-21
"FAM120A",4.69694817577199e-25,-1.39640256424983,0.075,0.473,4.83738692622757e-21
"EIF4G1",5.07611976198595e-25,-1.4879949467567,0.075,0.473,5.22789574286933e-21
"CDC42BPA",6.37734506549842e-25,-9.11402971502795,0,0.273,6.56802768295682e-21
"ARMC10",6.98894304472488e-25,-2.37721231949206,0.046,0.396,7.19791244176216e-21
"EBPL",7.17131242559747e-25,-1.74280645841701,0.081,0.477,7.38573466712283e-21
"COL1A1",8.34332330760887e-25,-4.83988052460702,0.014,0.312,8.59278867450637e-21
"CSNK1E",9.00998001266078e-25,-1.90679342517183,0.043,0.392,9.27937841503934e-21
"DNTTIP1",9.20276935207094e-25,-1.98716539930533,0.043,0.392,9.47793215569786e-21
"FAM50A",9.54523324924526e-25,-1.45302451828035,0.121,0.562,9.8306357233977e-21
"BTF3L4",1.20261744184117e-24,-1.32683400855871,0.078,0.477,1.23857570335222e-20
"DOK2",1.35563158321659e-24,8.45729393398246,0.35,0.012,1.39616496755477e-20
"EPS8L2",1.35811625728117e-24,-1.99492960141581,0.049,0.404,1.39872393337387e-20
"FKBP2",1.4443659739614e-24,-1.56001194059713,0.214,0.692,1.48755251658284e-20
"ARHGAP29",1.48625222144737e-24,-9.46891700213414,0,0.269,1.53069116286864e-20
"CHMP4C",1.48625222144737e-24,-8.66546876057952,0,0.269,1.53069116286864e-20
"C4orf48",1.53522373328491e-24,-1.89556957635884,0.159,0.6,1.58112692291013e-20
"GLUL",1.56348800167079e-24,-1.98466574904733,0.153,0.6,1.61023629292075e-20
"CTNNB1",2.05526315457889e-24,-1.68551324268859,0.118,0.535,2.1167155229008e-20
"CBY1",2.07427521446411e-24,-5.13154957636372,0.003,0.277,2.13629604337659e-20
"CLIC4",2.15742433419413e-24,-2.89835539716771,0.014,0.312,2.22193132178654e-20
"CD3G",2.30359886601834e-24,6.76965506940709,0.353,0.015,2.37247647211228e-20
"CXXC5",2.38216332957302e-24,-1.55733730931185,0.046,0.396,2.45339001312726e-20
"EFEMP1",2.46973725361425e-24,-4.72066695140988,0.006,0.285,2.54358239749731e-20
"C6orf132",2.70788398591498e-24,-4.3319944606858,0.006,0.285,2.78884971709384e-20
"DUSP3",3.04411078296387e-24,-3.02252261803232,0.006,0.285,3.13512969537449e-20
"GNA11",3.45452515392987e-24,-8.78695122179395,0,0.265,3.55781545603237e-20
"ASL",4.01102665804011e-24,-1.84442937373365,0.026,0.342,4.13095635511551e-20
"GNB1",4.10682456005612e-24,-1.18172581090637,0.104,0.531,4.2296186144018e-20
"CALD1",4.53626506598197e-24,-5.87631088598382,0.003,0.273,4.67189939145483e-20
"ARF4",4.59187335584856e-24,-1.37357502056514,0.168,0.65,4.72917036918843e-20
"ANKRD65",4.93968731520972e-24,-4.65660701611834,0.003,0.273,5.08738396593449e-20
"DPYSL2",5.75011386134541e-24,-3.91652747418333,0.017,0.312,5.92204226579964e-20
"CRACR2B",6.37951369236869e-24,-3.86420814005531,0.006,0.281,6.57026115177051e-20
"DNAJC10",6.50498567463307e-24,-2.31239893172259,0.029,0.346,6.6994847463046e-20
"CD8B",6.74575120787506e-24,7.46025084446295,0.353,0.019,6.94744916899052e-20
"CCDC47",7.63724358023883e-24,-1.14655873248727,0.069,0.45,7.86559716328797e-20
"CAPRIN1",7.80741158004463e-24,-1.41193213987577,0.046,0.392,8.04085318628796e-20
"EFNB2",8.00815725494369e-24,-8.92578152788505,0,0.262,8.24760115686651e-20
"C11orf1",8.5814615391666e-24,-1.97182194910839,0.026,0.338,8.83804723918768e-20
"DLGAP4",8.5814615391666e-24,-1.94027825122631,0.026,0.338,8.83804723918768e-20
"ATP6AP1",9.51280164250511e-24,-1.37206178979242,0.095,0.504,9.79723441161601e-20
"FAM210B",1.1327218483139e-23,-2.4623651786183,0.032,0.35,1.16659023157849e-19
"ADAM9",1.17952046325859e-23,-2.89501496483907,0.017,0.312,1.21478812511002e-19
"AIG1",1.29979315254122e-23,-1.88109982252915,0.038,0.365,1.3386569678022e-19
"CCT5",1.7172452880273e-23,-1.52090038805415,0.133,0.565,1.76859092213931e-19
"C5orf38",1.85152852121692e-23,-9.24455321366917,0,0.258,1.90688922400131e-19
"GLTSCR2",1.96253897191875e-23,1.2375163209986,0.806,0.773,2.02121888717912e-19
"DERA",2.03193138932803e-23,-1.83287997340342,0.026,0.335,2.09268613786894e-19
"CREB3",2.12731210751417e-23,-1.47513836441248,0.04,0.373,2.19091873952884e-19
"ANAPC13",2.3940817112839e-23,-1.38903853034935,0.072,0.446,2.46566475445129e-19
"HINT2",2.54920327844116e-23,-1.48552213828393,0.11,0.527,2.62542445646655e-19
"HIST1H1C",2.6320297288529e-23,-1.99669221135422,0.072,0.438,2.7107274177456e-19
"CAMTA1",2.64020688167034e-23,-1.51076611528346,0.113,0.531,2.71914906743228e-19
"ABHD11",2.69434480582801e-23,-2.79146121851618,0.017,0.308,2.77490571552226e-19
"CHMP5",2.80502995928458e-23,-1.20252080896628,0.13,0.569,2.88890035506719e-19
"HACD3",2.83065731163374e-23,-2.05804614872953,0.04,0.369,2.91529396525159e-19
"CXCL16",3.22018168718671e-23,-2.32473384457664,0.017,0.308,3.31646511963359e-19
"CREB3L2",3.5390868376508e-23,-1.69817273667376,0.035,0.354,3.64490553409656e-19
"GDE1",3.73808720350952e-23,-1.33061974763463,0.075,0.45,3.84985601089445e-19
"GNLY",3.76972588837811e-23,6.17873899503013,0.46,0.127,3.88244069244062e-19
"ACBD3",3.81401305341798e-23,-1.2403134138365,0.049,0.392,3.92805204371518e-19
"AHCYL1",4.13445141343796e-23,-1.20584350922984,0.052,0.4,4.25807151069976e-19
"CAPN1",4.14272132742046e-23,-1.70108506213772,0.13,0.542,4.26658869511033e-19
"FEZ2",4.14834921553693e-23,-1.36792709880473,0.061,0.419,4.27238485708148e-19
"ABL2",4.4233629867701e-23,-3.6881188071882,0.012,0.288,4.55562154007453e-19
"APOPT1",4.46779598437637e-23,-1.49001645831475,0.072,0.442,4.60138308430922e-19
"ATP6V1D",4.5933409953809e-23,-1.35260548897594,0.081,0.465,4.73068189114279e-19
"GOLPH3L",4.72311720954414e-23,-2.96470859728091,0.009,0.281,4.86433841410951e-19
"FHL2",5.44617003833362e-23,-6.03516927558551,0.003,0.262,5.6090105224798e-19
"GAPDH",5.54917082986463e-23,-1.12922322442563,0.91,0.942,5.71509103767758e-19
"ADIPOR1",5.86538836628406e-23,-1.16480982284477,0.081,0.465,6.04076347843596e-19
"COA6",6.04516407601748e-23,-1.409092784733,0.058,0.412,6.2259144818904e-19
"AP3D1",6.10927234433831e-23,-1.63066605952277,0.058,0.408,6.29193958743402e-19
"EIF3B",6.41140868178525e-23,-1.49538614746682,0.064,0.423,6.60310980137062e-19
"FASN",6.57015089287119e-23,-2.54196350280723,0.014,0.296,6.76659840456804e-19
"FAM207A",6.87502081926344e-23,-1.68971673405562,0.046,0.381,7.08058394175942e-19
"HIF1A",7.1231204911212e-23,-1.66561673472823,0.064,0.419,7.33610179380573e-19
"HN1L",7.21371729110691e-23,-2.47298121761442,0.02,0.312,7.42940743811101e-19
"COA4",7.27453968607265e-23,-1.28135772955558,0.098,0.5,7.49204842268623e-19
"BAG3",7.43661575469588e-23,-2.67970982722173,0.02,0.312,7.65897056576129e-19
"HGS",7.65876180968559e-23,-1.83687755494865,0.032,0.342,7.88775878779519e-19
"CXCL8",7.70646971999733e-23,-2.79337999359091,0.046,0.369,7.93689316462525e-19
"GIMAP7",9.37478919800714e-23,3.49801647586472,0.384,0.042,9.65509539502755e-19
"ALDOA",9.81430160304468e-23,-1.38569835586812,0.621,0.865,1.01077492209757e-18
"CP",9.81987096209621e-23,-10.2487230558609,0,0.25,1.01134851038629e-18
"CCDC64B",9.81991560317305e-23,-8.66933891526797,0,0.25,1.01135310797079e-18
"BOLA3",1.18736278725089e-22,-1.40538650320533,0.098,0.488,1.22286493458969e-18
"GNG2",1.24819090848064e-22,6.11599324907707,0.338,0.019,1.28551181664421e-18
"CNDP2",1.28593514729417e-22,-1.82871331657464,0.055,0.396,1.32438460819826e-18
"BASP1",1.33870509448834e-22,-5.40022185086901,0.003,0.258,1.37873237681354e-18
"ASRGL1",1.36153176913097e-22,-5.50965443164653,0.003,0.258,1.40224156902798e-18
"EXOSC4",1.40465141819483e-22,-2.70704751082129,0.017,0.3,1.44665049559886e-18
"ATL3",1.82047832387148e-22,-2.03132499357606,0.023,0.315,1.87491062575524e-18
"ABHD17C",2.25267169983663e-22,-8.62556241876388,0,0.246,2.32002658366174e-18
"EHD2",2.25267169983663e-22,-8.8899534390604,0,0.246,2.32002658366174e-18
"H2AFJ",2.44947704946704e-22,-1.21988493667703,0.142,0.569,2.5227164132461e-18
"FBP1",2.55398238786398e-22,-1.81831666615638,0.046,0.373,2.63034646126111e-18
"CNPY2",2.65198652034422e-22,-1.35300967396514,0.168,0.619,2.73128091730251e-18
"DPM2",2.71751184828179e-22,-1.25971075686554,0.055,0.396,2.79876545254541e-18
"ARHGEF35",2.99024474597393e-22,-5.57313450617178,0.003,0.254,3.07965306387855e-18
"FNDC3B",2.99432402856325e-22,-1.80715276662001,0.046,0.373,3.08385431701729e-18
"ACOX1",3.13261440452638e-22,-2.63795763397562,0.017,0.296,3.22627957522172e-18
"GCA",3.52860827620995e-22,-2.50696937086097,0.017,0.296,3.63411366366863e-18
"AC092580.4",3.57247494527892e-22,7.56563476471337,0.315,0.008,3.67929194614276e-18
"GNB2",3.67614321896459e-22,-1.17025664636096,0.228,0.715,3.78605990121163e-18
"CANT1",4.03162823335253e-22,-2.47695368768221,0.02,0.304,4.15217391752977e-18
"CCNG2",4.27778370854957e-22,-2.11924811153623,0.023,0.312,4.4056894414352e-18
"GIMAP4",4.29293486981175e-22,3.60584665251808,0.382,0.05,4.42129362241913e-18
"COPB2",4.42395939489544e-22,-1.67566925699243,0.055,0.388,4.55623578080281e-18
"APOBEC3G",4.74065058391685e-22,4.80055637014345,0.399,0.073,4.88239603637597e-18
"DTX2",5.03670077723157e-22,-3.74997043984022,0.009,0.269,5.1872981304708e-18
"ERLEC1",5.66063003074206e-22,-1.09425007673574,0.084,0.462,5.82988286866125e-18
"DDAH2",6.97729798027379e-22,-1.68164365379203,0.069,0.419,7.18591918988398e-18
"BCAR1",7.24794242108802e-22,-4.84629545472193,0.003,0.25,7.46465589947855e-18
"CTD-2015H6.3",7.24797360425799e-22,-4.68979632571937,0.003,0.25,7.46468801502531e-18
"EBNA1BP2",7.39074316419256e-22,-1.5084823975133,0.061,0.404,7.61172638480192e-18
"C7orf50",7.44156404024835e-22,-1.45504636054536,0.153,0.581,7.66406680505178e-18
"CDC42EP4",7.49616919616553e-22,-3.93676947184535,0.003,0.25,7.72030465513088e-18
"ECE1",7.70822570721565e-22,-2.24599128817036,0.029,0.323,7.9387016558614e-18
"B4GALT7",7.90455137879385e-22,-2.21725472999173,0.026,0.315,8.14089746501978e-18
"AIDA",8.32254575159201e-22,-1.51740569144019,0.046,0.369,8.57138986956461e-18
"C1orf35",8.37978475724537e-22,-1.50355842782731,0.066,0.415,8.63034032148701e-18
"EIF6",8.55826546792282e-22,-1.42412617743405,0.162,0.592,8.81415760541371e-18
"CFL1",8.6036561428812e-22,0.80557584930481,0.962,0.888,8.86090546155335e-18
"CPE",9.09998723270103e-22,-4.34734872123803,0.006,0.258,9.37207685095879e-18
"FKBP3",9.89538101021219e-22,-1.57870761280737,0.095,0.469,1.01912529024175e-17
"GOLGA3",1.03590621058906e-21,-1.83184916326616,0.026,0.315,1.06687980628567e-17
"CTSL",1.0667255249801e-21,-1.90269153294529,0.043,0.358,1.09862061817701e-17
"CDS1",1.17627287752236e-21,-8.51291953266767,0,0.238,1.21144343656028e-17
"ECI1",1.18772475389737e-21,-2.15573499027806,0.023,0.308,1.2232377240389e-17
"ALKBH7",1.29185229698557e-21,-1.12197166467458,0.13,0.55,1.33047868066543e-17
"HDAC2",1.35107619865437e-21,-1.66908587244633,0.046,0.365,1.39147337699413e-17
"FAM174B",1.6939293103608e-21,-3.33863335515997,0.003,0.246,1.74457779674059e-17
"GPR160",1.70821838615801e-21,-4.40378476025052,0.003,0.246,1.75929411590414e-17
"ARL1",1.84131240633443e-21,-1.49907863359389,0.069,0.415,1.89636764728383e-17
"CLSTN1",1.89240390659714e-21,-1.05374547837309,0.052,0.381,1.9489867834044e-17
"GALNT3",2.1446788129519e-21,-2.26746834028828,0.017,0.288,2.20880470945916e-17
"DNAJC21",2.20879679569388e-21,-1.36660709023393,0.046,0.365,2.27483981988513e-17
"C1orf53",2.22832649814759e-21,-3.39091090540937,0.006,0.254,2.2949534604422e-17
"GORASP2",2.22908752776878e-21,-1.45019853288675,0.058,0.392,2.29573724484907e-17
"DUS1L",2.25756332216428e-21,-1.75122925771479,0.032,0.327,2.32506446549699e-17
"FAM229B",2.30233865544395e-21,-3.92313543385734,0.009,0.262,2.37117858124172e-17
"EPRS",2.42740570046942e-21,-1.95658970362806,0.04,0.346,2.49998513091345e-17
"ELL2",2.45144864693049e-21,-1.60319437224541,0.02,0.296,2.52474696147371e-17
"ENO1",2.46902454014075e-21,-1.48858922597005,0.543,0.831,2.54284837389096e-17
"CDKN1A",2.66146543869188e-21,-1.71757831046509,0.064,0.4,2.74104325530876e-17
"BCAP29",2.6739577972765e-21,-1.37955993262689,0.038,0.342,2.75390913541507e-17
"CREB3L1",2.67755913430205e-21,-8.94704298041356,0,0.235,2.75761815241768e-17
"FAM136A",3.23408380726796e-21,-1.46828262247175,0.069,0.415,3.33078291310527e-17
"CPNE3",3.33869773532153e-21,-0.798779562590333,0.069,0.419,3.43852479760765e-17
"ALG3",3.94130071461435e-21,-1.63705604646906,0.049,0.365,4.05914560598132e-17
"CCDC6",4.75350511647389e-21,-2.00019896947692,0.026,0.308,4.89563491945646e-17
"EMC8",4.76202546356395e-21,-1.60170463662017,0.035,0.331,4.90441002492451e-17
"CISD1",4.76222478738457e-21,-1.58293362926925,0.087,0.446,4.90461530852737e-17
"FSCN1",4.92457058367497e-21,-4.36484126550779,0.009,0.258,5.07181524412685e-17
"DCTPP1",4.96484094087643e-21,-1.51138157770831,0.049,0.365,5.11328968500863e-17
"DARS",5.10803117438312e-21,-1.12760856646464,0.087,0.454,5.26076130649717e-17
"GSTZ1",5.69038381187351e-21,-3.77958032364881,0.009,0.258,5.86052628784853e-17
"ADGRF1",6.0794096112852e-21,-8.90734103935335,0,0.231,6.26118395866263e-17
"CRLS1",7.40626832905926e-21,-1.44353057089606,0.043,0.35,7.62771575209813e-17
"APOD",7.76339405279069e-21,-6.04206463916811,0.003,0.238,7.99551953496913e-17
"DPY19L1",7.86690671327696e-21,-2.54105116406764,0.012,0.265,8.10212722400394e-17
"CTSD",7.88791799265647e-21,-1.44004280159753,0.474,0.815,8.1237667406369e-17
"ATRAID",8.11948836872729e-21,-1.06606894220958,0.199,0.654,8.36226107095223e-17
"GLRX3",8.49285055611404e-21,-1.22963180887645,0.101,0.481,8.74678678774185e-17
"ATN1",9.60807893183948e-21,-2.07797913875611,0.017,0.281,9.89536049190148e-17
"ALDH6A1",1.08842150541595e-20,-3.88035868522824,0.006,0.246,1.12096530842789e-16
"CDK16",1.14089322601228e-20,-1.94278584336377,0.029,0.312,1.17500593347005e-16
"AZIN1",1.2041719522224e-20,-0.939012748842054,0.081,0.438,1.24017669359385e-16
"BCAP31",1.2903954576544e-20,-1.21328227847571,0.234,0.696,1.32897828183827e-16
"HDGF",1.41485943847965e-20,-1.69643486341065,0.061,0.385,1.45716373569019e-16
"HACD2",1.4474566728325e-20,-2.91987794419044,0.009,0.254,1.49073562735019e-16
"ESYT2",1.52991702597602e-20,-1.34133470029089,0.046,0.354,1.5756615450527e-16
"EIF2AK1",1.69590998091074e-20,-1.1616181091606,0.081,0.435,1.74661768933997e-16
"ECHDC2",1.87216782045456e-20,-1.40737326448439,0.04,0.338,1.92814563828615e-16
"ALDH3A2",1.96005909887023e-20,-1.90291093753498,0.035,0.323,2.01866486592645e-16
"EMC2",2.09342059510574e-20,-1.92156720035256,0.032,0.315,2.1560138708994e-16
"BCR",2.59518025076259e-20,-1.86632890927832,0.023,0.292,2.67277614026039e-16
"CSRP1",3.09634501188713e-20,-1.09029943168454,0.087,0.442,3.18892572774256e-16
"AK4",3.11030375629461e-20,-8.26401132342903,0,0.223,3.20330183860782e-16
"EPHA2",3.11030375629461e-20,-8.60926730945226,0,0.223,3.20330183860782e-16
"ANK3",3.25599381852123e-20,-3.08560670364048,0.009,0.25,3.35334803369502e-16
"CCDC57",3.55545759269801e-20,-1.23791047467585,0.072,0.412,3.66176577471969e-16
"COA5",3.56829450853687e-20,-1.01570444435302,0.064,0.392,3.67498651434212e-16
"CNP",3.65917893163549e-20,-2.11883835731405,0.061,0.381,3.76858838169139e-16
"C12orf49",4.06043669080948e-20,-1.53398871032647,0.04,0.335,4.18184374786468e-16
"HBEGF",4.06208898072612e-20,-5.4415972606434,0.003,0.231,4.18354544124983e-16
"CMBL",4.30631707697525e-20,-4.73730595824447,0.003,0.231,4.43507595757681e-16
"CDC42BPB",4.41537823854384e-20,-4.03598625899722,0.003,0.231,4.5473980478763e-16
"CERS6",4.573130759794e-20,-2.34743397213709,0.014,0.265,4.70986736951184e-16
"EPN1",4.98953116307546e-20,-1.07997700613017,0.061,0.385,5.13871814485142e-16
"CYB5R3",5.11705582241561e-20,-1.14576369154855,0.075,0.415,5.27005579150583e-16
"CAPS",5.2637350060941e-20,-5.21048880051551,0.006,0.238,5.42112068277631e-16
"BCL2L1",5.26936939926194e-20,-1.07001358394927,0.069,0.404,5.42692354429987e-16
"DNAJB2",5.36615044232437e-20,-1.01312488558778,0.069,0.404,5.52659834054986e-16
"FAM162A",6.54357482213517e-20,-1.15119411862804,0.136,0.538,6.73922770931701e-16
"ETFB",6.71498806901206e-20,-1.00996619145218,0.162,0.588,6.91576621227552e-16
"HIPK2",6.94943183624331e-20,-1.21023379345568,0.052,0.362,7.15721984814699e-16
"COQ4",6.99401612481724e-20,-1.11873628643528,0.052,0.362,7.20313720694927e-16
"DNAJC12",7.00863462376694e-20,-8.63137565006087,0,0.219,7.21819279901758e-16
"FAM83H",7.00863462376694e-20,-8.41535952863088,0,0.219,7.21819279901758e-16
"CPD",7.43399249193267e-20,-1.69809022649641,0.052,0.358,7.65626886744146e-16
"EEF1A1",7.84877647559233e-20,0.557240503724366,0.997,0.981,8.08345489221254e-16
"CLU",8.04679067254354e-20,-3.68842966465862,0.043,0.327,8.28738971365259e-16
"CHI3L1",8.13438849572426e-20,-7.01376066755397,0.003,0.227,8.37760671174641e-16
"C1orf43",8.16526782403674e-20,-0.98333438223871,0.179,0.619,8.40940933197543e-16
"ATP5G1",8.32285395410014e-20,-1.12587871615537,0.162,0.585,8.57170728732774e-16
"CYP1B1",8.62315247932859e-20,-6.29870170496513,0.003,0.227,8.88098473846051e-16
"HIP1",8.64534750811013e-20,-2.64217911666766,0.017,0.269,8.90384339860262e-16
"CEP350",8.84489316224848e-20,-1.50189009360553,0.043,0.338,9.10935546779971e-16
"DPYSL3",9.68939656889364e-20,-4.97018515865095,0.003,0.227,9.97910952630356e-16
"DYNLL2",9.75536067480368e-20,-1.14888381088888,0.066,0.392,1.00470459589803e-15
"GAA",1.0779079833608e-19,-2.00627259689263,0.026,0.292,1.11013743206329e-15
"FOXP4",1.09917923272241e-19,-1.98811659752316,0.014,0.262,1.13204469178081e-15
"ADM",1.10736223853932e-19,-4.96606380537017,0.006,0.235,1.14047236947165e-15
"AIMP2",1.1138154064032e-19,-2.05080947053274,0.023,0.285,1.14711848705466e-15
"EIF2AK4",1.12382543063461e-19,-2.21119017696675,0.017,0.269,1.15742781101058e-15
"G0S2",1.19186446711062e-19,-4.27064626499606,0.012,0.25,1.22750121467723e-15
"CLDN12",1.25085913429307e-19,-3.85538620281127,0.006,0.235,1.28825982240843e-15
"CHID1",1.35518795866348e-19,-0.89531318159757,0.066,0.392,1.39570807862751e-15
"GTF2H5",1.36721994797173e-19,-0.9995391593811,0.11,0.488,1.40809982441608e-15
"ERGIC3",1.4226531670686e-19,-1.07424111120756,0.228,0.677,1.46519049676395e-15
"HMGA1",1.47727025041439e-19,-1.46733428978307,0.162,0.565,1.52144063090178e-15
"GRB7",1.57535521757888e-19,-8.26533666994745,0,0.215,1.62245833858449e-15
"HID1",1.57535521757888e-19,-8.50441280522181,0,0.215,1.62245833858449e-15
"COX5B",1.74078920760134e-19,-1.05081692796417,0.506,0.858,1.79283880490862e-15
"AGPAT3",1.96071940119076e-19,-2.06055903474954,0.012,0.25,2.01934491128637e-15
"FAM120AOS",1.98619945870894e-19,-1.0374809697873,0.049,0.35,2.04558682252434e-15
"DRAM1",2.12533452161426e-19,-2.72013887737102,0.017,0.265,2.18888202381052e-15
"FUCA2",2.13256261207075e-19,-2.19586746493597,0.026,0.288,2.19632623417167e-15
"DHRS3",2.34832584949838e-19,-1.7015246127302,0.061,0.369,2.41854079239838e-15
"CLINT1",2.42018767614016e-19,-1.29079551475941,0.064,0.381,2.49255128765675e-15
"CHD4",2.60563100990606e-19,-0.656038326520069,0.101,0.469,2.68353937710225e-15
"FIS1",2.61074153760832e-19,-1.16508067555925,0.251,0.704,2.68880270958281e-15
"CXCL1",2.68951763985188e-19,-4.30082273882094,0.006,0.231,2.76993421728345e-15
"ABHD2",2.74061815959203e-19,-1.13480048833523,0.035,0.312,2.82256264256383e-15
"ABI2",2.83305401862601e-19,-1.74301544692293,0.026,0.288,2.91776233378293e-15
"COPZ1",3.0688317746184e-19,-1.00506852666013,0.168,0.596,3.16058984467949e-15
"DYNLL1",3.16201958487461e-19,-1.10622550617411,0.439,0.846,3.25656397046236e-15
"DSC2",3.53218989736133e-19,-8.36872017714726,0,0.212,3.63780237529243e-15
"ELMO3",3.53218989736133e-19,-8.06547621110198,0,0.212,3.63780237529243e-15
"AQP5",3.92364293299758e-19,-6.86249006247922,0.003,0.219,4.0409598566942e-15
"GADD45GIP1",4.79020400365165e-19,-1.03250914743495,0.24,0.7,4.93343110336084e-15
"FCGR3A",4.80465107952811e-19,6.03295946351834,0.327,0.042,4.948310146806e-15
"CS",4.92773367960319e-19,-2.21217069575325,0.02,0.269,5.07507291662332e-15
"BSPRY",5.03268426775337e-19,-4.45599910340892,0.003,0.219,5.1831615273592e-15
"CEP170B",5.03268426775337e-19,-4.25489578108716,0.003,0.219,5.1831615273592e-15
"DNALI1",5.03268426775337e-19,-4.0501944156619,0.003,0.219,5.1831615273592e-15
"BCKDK",5.11666953908253e-19,-1.8688671151662,0.029,0.292,5.2696579583011e-15
"COX17",5.1211182839819e-19,-1.09031911387949,0.197,0.635,5.27423972067296e-15
"CREM",5.59985072846463e-19,4.79859356740489,0.474,0.204,5.76728626524573e-15
"DICER1",5.70280980608323e-19,-1.84624898506381,0.02,0.269,5.87332381928512e-15
"FAM234A",5.87167889344301e-19,-1.93946233995843,0.02,0.269,6.04724209235696e-15
"C10orf10",7.90016541848212e-19,-9.44080592345245,0,0.208,8.13638036449474e-15
"CAMK2N1",8.77242413924575e-19,-2.83499179996345,0.02,0.265,9.03471962100919e-15
"GALNT2",8.90448268562688e-19,-0.774428121133876,0.049,0.342,9.17072671792712e-15
"ECHS1",1.02269605148249e-18,-1.00604793795802,0.124,0.504,1.05327466342182e-14
"G6PC3",1.1366932520168e-18,-2.37282626072208,0.017,0.258,1.1706803802521e-14
"HOOK3",1.15918382421179e-18,-1.1842770283868,0.069,0.385,1.19384342055573e-14
"ENDOD1",1.1826943633784e-18,-2.12413835582598,0.02,0.265,1.21805692484341e-14
"ATP6V1C1",1.261920750158e-18,-1.84562997139446,0.023,0.273,1.29965218058773e-14
"ACSL1",1.27443448496992e-18,-1.62119289773958,0.026,0.281,1.31254007607052e-14
"EREG",1.37941883306255e-18,-4.02400871756689,0.009,0.231,1.42066345617112e-14
"BOLA1",1.42609219588317e-18,-1.47404685351696,0.026,0.281,1.46873235254008e-14
"ABI3",1.62935535676196e-18,7.03061360945097,0.263,0.004,1.67807308192914e-14
"HCFC1R1",1.68043873109744e-18,-1.2170348545049,0.09,0.423,1.73068384915726e-14
"C1orf210",1.76262999170505e-18,-8.13191256710272,0,0.204,1.81533262845703e-14
"CGN",1.76262999170505e-18,-8.52540943905005,0,0.204,1.81533262845703e-14
"CNKSR1",1.76262999170505e-18,-8.16878542304654,0,0.204,1.81533262845703e-14
"GOLT1A",1.76262999170505e-18,-8.0026087944382,0,0.204,1.81533262845703e-14
"HOOK1",1.76262999170505e-18,-7.91234585498898,0,0.204,1.81533262845703e-14
"ARL4C",1.78982081194769e-18,3.17081365116267,0.494,0.231,1.84333645422492e-14
"CD99",1.85967969244553e-18,1.30204339170497,0.728,0.631,1.91528411524965e-14
"DEF8",1.90235861773293e-18,-1.5307567053969,0.04,0.315,1.95923914040315e-14
"CNIH1",2.24098648440996e-18,-0.652742876438298,0.116,0.492,2.30799198029382e-14
"DAAM1",2.27036750633753e-18,-1.76055564926586,0.043,0.319,2.33825149477702e-14
"CAPZA2",2.34916934192367e-18,-0.861070218109682,0.176,0.596,2.41940950524718e-14
"CYBRD1",2.3823838559456e-18,-5.04105950993703,0.003,0.212,2.45361713323838e-14
"HOMER3",2.5033480495959e-18,-3.86036699693522,0.003,0.212,2.57819815627881e-14
"EEF1E1",2.521979488693e-18,-1.15256796093549,0.055,0.35,2.59738667540492e-14
"GMPPA",2.53066521382427e-18,-2.27821308170213,0.017,0.254,2.60633210371761e-14
"FTL",2.56963745281914e-18,-1.10777869190001,0.983,0.988,2.64646961265843e-14
"DCAF7",2.64290424892741e-18,-1.10450555052228,0.069,0.381,2.72192708597034e-14
"AURKAIP1",2.74190041998763e-18,-1.03935595846623,0.275,0.723,2.82388324254526e-14
"EPN2",3.14613957379686e-18,-3.60278626479692,0.006,0.219,3.24020914705339e-14
"DCBLD2",3.24889996540654e-18,-3.33338997808515,0.006,0.219,3.3460420743722e-14
"ECE2",3.27510356067559e-18,-2.93883287076231,0.006,0.219,3.37302915713979e-14
"CYFIP1",3.32813828950221e-18,-3.00900735090471,0.006,0.219,3.42764962435832e-14
"DESI1",3.74413827422435e-18,-1.19059245367803,0.043,0.319,3.85608800862366e-14
"GDI1",3.83959723384432e-18,-1.36086910914677,0.052,0.338,3.95440119113627e-14
"CHMP3",3.87260148612347e-18,-1.0129715679978,0.121,0.492,3.98839227055856e-14
"ABHD11-AS1",3.92306333867991e-18,-8.74594985206974,0,0.2,4.04036293250644e-14
"CLDN1",3.92306333867991e-18,-8.61765655875826,0,0.2,4.04036293250644e-14
"CUEDC1",3.92306333867991e-18,-8.16192977787772,0,0.2,4.04036293250644e-14
"EVPL",3.92306333867991e-18,-8.09322788624293,0,0.2,4.04036293250644e-14
"GPC4",3.92306333867991e-18,-8.46527011843692,0,0.2,4.04036293250644e-14
"HMGCS1",3.99056284054082e-18,-2.82142940444181,0.02,0.258,4.10988066947299e-14
"EXOC3",4.1514085956804e-18,-2.8487492756261,0.009,0.227,4.27553571269125e-14
"DOCK9",4.82700521656744e-18,-2.80845253137712,0.012,0.235,4.97133267254281e-14
"CYHR1",4.90364277033441e-18,-1.3476818636368,0.049,0.331,5.05026168916741e-14
"CDA",4.91567018397642e-18,-5.66679013194032,0.003,0.208,5.06264872247732e-14
"GEMIN6",5.18113718493408e-18,-2.34443790940609,0.017,0.25,5.33605318676361e-14
"EPDR1",5.25083588334341e-18,-5.02033724970414,0.003,0.208,5.40783587625538e-14
"DDX42",5.26076488721457e-18,-1.0477480202532,0.04,0.312,5.41806175734229e-14
"CPEB4",5.32304703308715e-18,-1.94484018095551,0.026,0.273,5.48220613937645e-14
"AMOTL2",5.38225564487676e-18,-4.85558156932037,0.003,0.208,5.54318508865858e-14
"ATAD3C",5.47166721215426e-18,-4.4681155141108,0.003,0.208,5.63527006179767e-14
"EPHB4",5.5169212293057e-18,-4.28899663925248,0.003,0.208,5.68187717406194e-14
"C19orf24",5.63558924324023e-18,-0.786028117148454,0.159,0.573,5.80409336161311e-14
"DHRSX",6.12855268627859e-18,-1.15915658142369,0.029,0.281,6.31179641159832e-14
"FAM174A",7.4470928581701e-18,-1.19285622568462,0.046,0.323,7.66976093462938e-14
"BEX2",8.00249104378685e-18,-1.8278247880619,0.043,0.312,8.24176552599608e-14
"AHSA1",8.65250283391605e-18,-0.740107538134008,0.095,0.435,8.91121266865014e-14
"COL6A1",8.71034144828483e-18,-8.67340896578823,0,0.196,8.97078065758855e-14
"CXCL14",8.71034144828483e-18,-11.3026596551168,0,0.196,8.97078065758855e-14
"ESRP2",8.71034144828483e-18,-7.9662803933634,0,0.196,8.97078065758855e-14
"FGD6",8.71034144828483e-18,-8.40964282249699,0,0.196,8.97078065758855e-14
"CLPTM1",8.96816833484619e-18,-1.10143597187913,0.072,0.381,9.23631656805809e-14
"GOLGA2",9.05888017675896e-18,-1.34283993798706,0.043,0.315,9.32974069404406e-14
"COPA",9.08288061701207e-18,-0.705404519660314,0.084,0.412,9.35445874746073e-14
"CORO1C",9.45865532918611e-18,-2.47837534817281,0.009,0.223,9.74146912352877e-14
"ABHD12",1.00754944926548e-17,-0.989735641751218,0.055,0.342,1.03767517779852e-13
"DPP4",1.03934890508414e-17,-2.05051085032106,0.026,0.269,1.07042543734616e-13
"DDX1",1.06790049425193e-17,-0.824657498388567,0.069,0.377,1.09983071903006e-13
"DAG1",1.12995601383195e-17,-2.36387081913687,0.014,0.238,1.16374169864552e-13
"CCNL2",1.1613412021319e-17,-1.43861557524754,0.066,0.365,1.19606530407565e-13
"GNS",1.17723337006024e-17,-1.56476911505961,0.032,0.285,1.21243264782504e-13
"C3orf14",1.19058393263047e-17,-2.26008830049816,0.014,0.238,1.22618239221613e-13
"COPG1",1.20042783356311e-17,-1.73806070262413,0.029,0.277,1.23632062578665e-13
"ABO",1.222902868034e-17,-4.00501276882722,0.003,0.204,1.25946766378821e-13
"CD276",1.222902868034e-17,-3.93251223948563,0.003,0.204,1.25946766378821e-13
"ATP5J",1.48452105666893e-17,-0.985684212616251,0.37,0.796,1.52890823626333e-13
"ARL16",1.50624168772931e-17,-1.00898708602531,0.061,0.354,1.55127831419242e-13
"CD40",1.54153695364889e-17,-3.69041433000302,0.006,0.212,1.58762890856299e-13
"ATP5H",1.61254123498055e-17,-1.07300256430802,0.309,0.742,1.66075621790647e-13
"GPS1",1.6125954086751e-17,-0.833204737628422,0.081,0.4,1.66081201139449e-13
"CEP70",1.63024818025511e-17,-2.76578356376858,0.006,0.212,1.67899260084473e-13
"DDRGK1",1.6440236710782e-17,-0.968291915788911,0.11,0.462,1.69317997884344e-13
"CFDP1",1.66773288620239e-17,-0.750314287340465,0.113,0.465,1.71759809949984e-13
"AKT1",1.68310686301384e-17,-1.58756388576676,0.038,0.296,1.73343175821796e-13
"CTBP2",1.79637730175276e-17,-1.25430087134274,0.061,0.35,1.85008898307516e-13
"GID8",1.81332899686436e-17,-1.07764889839719,0.066,0.365,1.8675475338706e-13
"GNAS",1.87841925195592e-17,-1.33486274371846,0.327,0.704,1.93458398758941e-13
"CADM1",1.88763889269745e-17,-3.19308850667614,0.014,0.235,1.94407929558911e-13
"CLN5",1.92716879434985e-17,-2.84730195565045,0.009,0.219,1.98479114130092e-13
"CLDN10",1.92928943324081e-17,-9.1172337666769,0,0.192,1.98697518729471e-13
"COBLL1",1.92928943324081e-17,-8.57679809644113,0,0.192,1.98697518729471e-13
"EGLN3",1.92928943324081e-17,-9.48278888047344,0,0.192,1.98697518729471e-13
"FXR1",1.95380126006975e-17,-0.954837455776295,0.095,0.423,2.01221991774583e-13
"GUSB",2.32627423883416e-17,-1.04025450565766,0.087,0.408,2.3958298385753e-13
"ENDOV",2.58496364411283e-17,-1.13490981570603,0.035,0.288,2.66225405707181e-13
"ABCD3",2.66461107037744e-17,-1.80470928154054,0.017,0.242,2.74428294138173e-13
"FOXA2",2.70413830342832e-17,-3.6759321287171,0.003,0.2,2.78499203870083e-13
"HK2",2.74886105627488e-17,-3.64742703309123,0.003,0.2,2.8310520018575e-13
"EIF4E",2.90125285936583e-17,-1.16723213300747,0.09,0.408,2.98800031986087e-13
"EIF4A3",3.06657203853531e-17,-0.925708310110741,0.11,0.454,3.15826254248752e-13
"CCT6A",3.08412360946656e-17,-1.39068659585921,0.176,0.55,3.17633890538961e-13
"CMB9-22P13.1",3.13873608902425e-17,-4.03192608961203,0.006,0.208,3.23258429808607e-13
"BZW2",3.35553618942864e-17,-1.2648082015261,0.043,0.308,3.45586672149256e-13
"H2AFY",3.39319885686498e-17,-0.951286210724048,0.171,0.577,3.49465550268525e-13
"C12orf10",3.57171736855005e-17,-1.29767829193604,0.061,0.346,3.6785117178697e-13
"CTNNAL1",3.94853100889221e-17,-3.54829777763287,0.009,0.215,4.06659208605809e-13
"FAU",4.06660208633265e-17,0.576170920782573,0.962,0.954,4.188193488714e-13
"EIF2S1",4.10554636440754e-17,-1.16868114739966,0.066,0.358,4.22830220070332e-13
"AHNAK2",4.26303354211158e-17,-8.75939570233267,0,0.188,4.39049824502071e-13
"ANG",4.26303354211158e-17,-8.50254039991616,0,0.188,4.39049824502071e-13
"CLIC6",4.26303354211158e-17,-8.8013295760003,0,0.188,4.39049824502071e-13
"EDN1",4.26303354211158e-17,-9.05993643839228,0,0.188,4.39049824502071e-13
"F12",4.26303354211158e-17,-8.00793126158008,0,0.188,4.39049824502071e-13
"DKC1",4.47369148470823e-17,-0.815138522048766,0.043,0.308,4.60745486010101e-13
"GALNT6",5.04463571255278e-17,-1.94897979033698,0.026,0.262,5.19547032035811e-13
"ATF6",5.14994495913063e-17,-1.81629320173813,0.026,0.262,5.30392831340864e-13
"ARF3",5.64984357325543e-17,-0.906480003530182,0.113,0.458,5.81877389609577e-13
"ATP6V0A1",5.72576889111319e-17,-5.20321545620375,0.003,0.196,5.89696938095747e-13
"AP2A2",5.96996806402264e-17,-0.967895015140486,0.035,0.285,6.14847010913691e-13
"CHCHD1",6.20449774129042e-17,-0.928368503146,0.118,0.469,6.390012223755e-13
"FYN",6.46179012695989e-17,3.59651892470922,0.413,0.146,6.654997651756e-13
"GALK1",6.76990868322941e-17,-1.04367652453688,0.029,0.269,6.97232895285797e-13
"AVL9",6.84624736948737e-17,-1.12581948046825,0.02,0.246,7.05095016583505e-13
"CTSA",8.65050000665137e-17,-1.14990676850361,0.13,0.477,8.90914995685025e-13
"CUL5",9.33950268335348e-17,-1.47769540331245,0.035,0.281,9.61875381358575e-13
"ACTB",9.35540053806131e-17,0.668650172568948,0.991,0.992,9.63512701414934e-13
"B4GALT2",9.39736856060124e-17,-7.68113128007356,0,0.185,9.67834988056321e-13
"CMTM4",9.39736856060124e-17,-7.80167915444388,0,0.185,9.67834988056321e-13
"DLC1",9.39736856060124e-17,-8.91362037133826,0,0.185,9.67834988056321e-13
"FAM3B",9.39736856060124e-17,-9.08483275319488,0,0.185,9.67834988056321e-13
"GSTA4",9.39736856060124e-17,-8.25712104660312,0,0.185,9.67834988056321e-13
"ALAS1",9.64692283732928e-17,-2.4221758941357,0.009,0.212,9.93536583016543e-13
"CCDC34",1.02916463748975e-16,-2.17736343986133,0.02,0.242,1.0599366601507e-12
"ACACA",1.04709439672335e-16,-2.26902329153746,0.012,0.219,1.07840251918538e-12
"FAH",1.0792216122088e-16,-2.73114759475544,0.012,0.219,1.11149033841384e-12
"GALNT7",1.0792216122088e-16,-2.64632820085171,0.012,0.219,1.11149033841384e-12
"GADD45A",1.08549896953618e-16,-1.64154722999916,0.061,0.338,1.11795538872531e-12
"CITED2",1.09944752739412e-16,-1.27405311366992,0.185,0.554,1.13232100846321e-12
"ATP2C1",1.17187604951923e-16,-1.91626737466263,0.023,0.25,1.20691514339986e-12
"DNAJC5",1.18165454759022e-16,-0.993663645188145,0.035,0.281,1.21698601856316e-12
"GAMT",1.19049365391637e-16,-1.50206111168144,0.02,0.242,1.22608941416847e-12
"DYNC1H1",1.22624471041796e-16,-0.863312000816916,0.092,0.412,1.26290942725946e-12
"C11orf96",1.22958620566009e-16,-5.49795971819736,0.003,0.192,1.26635083320933e-12
"ADPRHL2",1.24149990493502e-16,-1.29948080265724,0.043,0.3,1.27862075209258e-12
"CALM2",1.26769714442489e-16,-0.927912263428166,0.598,0.912,1.3056012890432e-12
"CDCP1",1.31266246893786e-16,-4.27968556019709,0.003,0.192,1.3519110767591e-12
"EVI5",1.31266246893786e-16,-4.21758075378114,0.003,0.192,1.3519110767591e-12
"EFCAB14",1.31366945014519e-16,-0.627483949534246,0.078,0.381,1.35294816670453e-12
"HEXB",1.34460852913342e-16,-0.932431762826169,0.09,0.404,1.38481232415451e-12
"AK6",1.35012127386608e-16,-0.884578833343199,0.058,0.335,1.39048989995468e-12
"HNRNPUL2",1.43407696302741e-16,-1.30162774103224,0.043,0.3,1.47695586422193e-12
"EPB41L5",1.68047174095664e-16,-3.1511849964923,0.006,0.2,1.73071784601124e-12
"C3",1.69829396247673e-16,-3.83252873487478,0.012,0.215,1.74907295195479e-12
"COMTD1",1.70758517994683e-16,-0.87409006108567,0.069,0.362,1.75864197682724e-12
"DRAM2",1.79693214707241e-16,-0.592692495466932,0.069,0.362,1.85066041826987e-12
"DNAJC19",1.91205390363096e-16,-0.791374643224065,0.145,0.519,1.96922431534953e-12
"ARMCX3",1.92352702167308e-16,-1.04915392320962,0.066,0.35,1.9810404796211e-12
"CYTH2",1.99872110654884e-16,-0.697320339209001,0.058,0.335,2.05848286763465e-12
"BAIAP2-AS1",2.06665077654101e-16,-8.13904519699375,0,0.181,2.12844363475959e-12
"CADPS2",2.06665077654101e-16,-7.42955207173675,0,0.181,2.12844363475959e-12
"DAPK1",2.06665077654101e-16,-8.55255032697675,0,0.181,2.12844363475959e-12
"ETV5",2.06665077654101e-16,-7.88287760532565,0,0.181,2.12844363475959e-12
"GATA2-AS1",2.06665077654101e-16,-7.59444165160568,0,0.181,2.12844363475959e-12
"C19orf70",2.10027520807092e-16,-0.854751142425933,0.205,0.635,2.16307343679224e-12
"ERH",2.20335288780416e-16,-1.04552316180858,0.292,0.731,2.2692331391495e-12
"DCUN1D5",2.278668670358e-16,-0.785349310279729,0.055,0.327,2.3468008636017e-12
"EVI2B",2.3506489336445e-16,4.39910219050775,0.298,0.042,2.42093333676047e-12
"HIBADH",2.47697367401761e-16,-2.82220904267607,0.014,0.223,2.55103518687074e-12
"ATP6V0B",2.49339005525251e-16,-1.08388292013107,0.243,0.646,2.56794241790456e-12
"ANKRD13A",2.53376776259781e-16,-1.60673001593704,0.026,0.254,2.60952741869949e-12
"CTGF",2.54978238726472e-16,-5.93487525053932,0.003,0.188,2.62602088064393e-12
"C5orf42",2.72183237900181e-16,-4.86464228479433,0.003,0.188,2.80321516713397e-12
"DEXI",2.90147383263289e-16,-1.69304453487677,0.02,0.238,2.98822790022861e-12
"B3GNT3",2.92909048897813e-16,-3.9439422349244,0.003,0.188,3.01667029459858e-12
"GARS",3.01524920719972e-16,-1.00703132168143,0.055,0.323,3.10540515849499e-12
"APEX1",3.01551988564272e-16,-0.811900604295882,0.121,0.465,3.10568393022343e-12
"C8orf82",3.06979228326322e-16,-1.7124556636532,0.02,0.238,3.16157907253279e-12
"HES6",3.21162043238905e-16,-1.63995763849299,0.023,0.246,3.30764788331748e-12
"ACAA1",3.21679091502733e-16,-1.03177017692074,0.095,0.412,3.31297296338665e-12
"COX20",3.23790924078017e-16,-0.831799535126042,0.133,0.485,3.33472272707949e-12
"DFFA",3.26730922970127e-16,-1.69199955347298,0.035,0.273,3.36500177566934e-12
"C4BPA",3.39833031539551e-16,-4.17687380241796,0.006,0.196,3.49994039182584e-12
"ASNS",3.52657594432797e-16,-3.24784139485399,0.017,0.227,3.63202056506338e-12
"ENPP4",3.56363873018733e-16,-3.6585263985894,0.006,0.196,3.67019152821993e-12
"DENR",3.60514673113444e-16,-0.544211945420753,0.09,0.404,3.71294061839536e-12
"EFNA5",3.70742997861989e-16,-3.78863086148773,0.006,0.196,3.81828213498062e-12
"HM13",3.882771575244e-16,-0.731214267627555,0.147,0.519,3.9988664453438e-12
"CYB5R1",3.91941164772919e-16,-1.03234573689279,0.043,0.296,4.03660205599629e-12
"CFL2",3.9472779281286e-16,-2.01101269974226,0.029,0.258,4.06530153817964e-12
"CBX5",4.12810349258979e-16,-0.694416789898863,0.055,0.323,4.25153378701823e-12
"FAM60A",4.15751351530279e-16,-1.01643267765949,0.061,0.335,4.28182316941035e-12
"FAM168B",4.16525049024866e-16,-1.42833994478522,0.038,0.281,4.2897914799071e-12
"CSNK1A1",4.28460594577088e-16,-0.804072365044494,0.205,0.619,4.41271566354943e-12
"GGCX",4.43009637473461e-16,-0.888276604147184,0.04,0.288,4.56255625633917e-12
"CCPG1",4.49447119009905e-16,-1.26028104017475,0.075,0.362,4.62885587868301e-12
"ARHGAP32",4.53428322114844e-16,-7.88770284699604,0,0.177,4.66985828946078e-12
"ACTR10",4.69714987681117e-16,-0.867991586240541,0.098,0.415,4.83759465812782e-12
"CLEC2B",4.75990615354761e-16,2.79268037085025,0.46,0.208,4.90222734753869e-12
"FAM126A",5.16004163726757e-16,-2.86070522827723,0.014,0.219,5.31432688222187e-12
"CAMK2D",5.20765955461031e-16,-1.21491199820222,0.035,0.273,5.36336857529316e-12
"C1orf27",5.47051857830984e-16,-1.88707973794205,0.017,0.227,5.6340870838013e-12
"AQP1",5.70215942810342e-16,-4.59967952880797,0.012,0.208,5.87265399500371e-12
"CISD2",5.78102586754513e-16,-0.746578777937921,0.113,0.45,5.95387854098473e-12
"CTDSP2",5.89541971145615e-16,-0.773057953299836,0.084,0.385,6.07169276082869e-12
"HLA-DPB1",6.0260707669093e-16,1.55123596434237,0.653,0.462,6.20625028283989e-12
"CDIPT",6.09633102435999e-16,-0.569249116927977,0.092,0.408,6.27861132198835e-12
"FBLIM1",6.31132719958324e-16,-3.9999406381389,0.003,0.185,6.50003588285078e-12
"AKT1S1",6.35744527353703e-16,-1.09061485726218,0.026,0.25,6.54753288721578e-12
"CAPN2",6.4193393452903e-16,-0.97429275234823,0.205,0.608,6.61127759171448e-12
"C12orf75",6.93674269727806e-16,2.55241406583294,0.442,0.177,7.14415130392667e-12
"COPS3",7.16449919945581e-16,-1.12652176992885,0.061,0.331,7.37871772551953e-12
"DESI2",7.46623834697834e-16,-1.25274786567094,0.04,0.285,7.68947887355299e-12
"DCAF6",7.87299872801273e-16,-1.43254465271418,0.035,0.269,8.10840138998032e-12
"BSG",7.89189482050626e-16,-1.18567185953665,0.321,0.762,8.1278624756394e-12
"FAM173A",8.00557142388162e-16,-0.872722785534285,0.118,0.454,8.24493800945568e-12
"C17orf89",8.25091152145543e-16,-0.841543424711216,0.217,0.627,8.49761377594695e-12
"ACTL6A",8.42245933261244e-16,-1.52880061590565,0.032,0.262,8.67429086665755e-12
"CCNB1IP1",8.62092542650194e-16,-0.791550927817726,0.052,0.312,8.87869109675435e-12
"FAM63B",9.37269207067145e-16,-1.07293272008934,0.058,0.323,9.65293556358452e-12
"ARHGAP9",9.92223398630602e-16,6.33123684730034,0.24,0.012,1.02189087824966e-11
"FAM84A",9.92514053741152e-16,-8.34962392824872,0,0.173,1.02219022394801e-11
"FAT1",9.92518289343973e-16,-7.67920480619111,0,0.173,1.02219458619536e-11
"HOXD1",9.92518289343973e-16,-8.93374364287643,0,0.173,1.02219458619536e-11
"COX6A1",9.93628916341866e-16,-1.03745756298118,0.488,0.831,1.02333842094049e-11
"HADH",1.05177244738811e-15,-1.32360323129385,0.032,0.262,1.08322044356502e-11
"HDAC7",1.05494057014732e-15,-1.45367694489767,0.029,0.254,1.08648329319473e-11
"CORO2A",1.08033667350599e-15,-2.32560943475432,0.02,0.231,1.11263874004382e-11
"FDPS",1.16642282011305e-15,-0.894204175911334,0.139,0.488,1.20129886243443e-11
"HN1",1.20506639201017e-15,-1.32020411281495,0.28,0.662,1.24109787713128e-11
"CDC34",1.22328468248135e-15,-0.690961690023763,0.052,0.312,1.25986089448754e-11
"DCTN1",1.23728527383503e-15,-1.46015935002639,0.023,0.238,1.2742801035227e-11
"CCDC71L",1.23731834577031e-15,-1.72544102892548,0.026,0.246,1.27431416430885e-11
"FBXO9",1.24591507420599e-15,-0.635717037878102,0.032,0.262,1.28316793492475e-11
"FBXW11",1.29812754414262e-15,-1.56753391094212,0.023,0.238,1.33694155771248e-11
"AKR7A2",1.30265448040809e-15,-0.486856717794176,0.113,0.446,1.34160384937229e-11
"GPATCH4",1.31419063138233e-15,-0.796867007107129,0.049,0.304,1.35348493126066e-11
"ABCA1",1.33492799319912e-15,-4.92160146204617,0.003,0.181,1.37484234019577e-11
"FMO5",1.36784534391565e-15,-4.75203598974658,0.003,0.181,1.40874391969872e-11
"DNAH14",1.39023309394793e-15,-3.43335167161117,0.003,0.181,1.43180106345697e-11
"HCFC1",1.42878708882157e-15,-1.240043135977,0.023,0.238,1.47150782277734e-11
"GRHPR",1.47836626399951e-15,-0.631591338631745,0.104,0.423,1.52256941529309e-11
"EIF3I",1.57849227966867e-15,-0.918970406093222,0.231,0.642,1.62568919883076e-11
"ARFIP2",1.63380177045838e-15,-1.28175492392585,0.049,0.3,1.68265244339509e-11
"FLAD1",1.77896101922386e-15,-1.13406571083314,0.038,0.273,1.83215195369865e-11
"GCAT",1.79105072161943e-15,-2.81753382924763,0.006,0.188,1.84460313819585e-11
"DCTN2",1.88628833524196e-15,-0.633853146295548,0.121,0.462,1.94268835646569e-11
"ARHGAP15",1.90543497859993e-15,5.60787517498983,0.231,0.008,1.96240748446006e-11
"AP2S1",1.92852792026798e-15,-0.865040925860499,0.214,0.631,1.98619090508399e-11
"FAM58A",1.96720999014788e-15,-1.28307776127871,0.035,0.265,2.02602956885331e-11
"EMC4",2.02250186038978e-15,-0.586263251004511,0.145,0.512,2.08297466601543e-11
"ATG101",2.04319173397054e-15,-0.694336474875776,0.092,0.4,2.10428316681626e-11
"COPS2",2.10032691187006e-15,-0.750535245659993,0.049,0.3,2.16312668653498e-11
"FZD1",2.16752732883732e-15,-7.66936281990866,0,0.169,2.23233639596956e-11
"GCNT2",2.16752732883732e-15,-7.94188111913644,0,0.169,2.23233639596956e-11
"GSS",2.18063569137688e-15,-1.41203666478212,0.029,0.25,2.24583669854904e-11
"FUNDC1",2.26395628646546e-15,-1.11600904388393,0.035,0.265,2.33164857943078e-11
"GADD45G",2.28691246568944e-15,-2.37908911958358,0.017,0.219,2.35529114841356e-11
"COPS5",2.40286512705661e-15,-0.762183161878633,0.087,0.381,2.47471079435561e-11
"COASY",2.43395507528666e-15,-0.703015963219061,0.061,0.327,2.50673033203773e-11
"CSNK2A1",2.45203215791988e-15,-1.10017547722034,0.043,0.285,2.52534791944169e-11
"DDB1",2.48256558328327e-15,-0.534758147074521,0.081,0.373,2.55679429422344e-11
"CLCN3",2.63865367216251e-15,-1.66219067317132,0.026,0.242,2.71754941696016e-11
"CTSE",2.64025011370979e-15,-5.94453029901714,0.003,0.177,2.71919359210972e-11
"AGAP3",2.69338250251454e-15,-1.7852568564991,0.017,0.219,2.77391463933972e-11
"DTYMK",2.87977805802864e-15,-0.917086897667208,0.069,0.342,2.9658834219637e-11
"CCT3",2.90951797191033e-15,-0.836196291048179,0.179,0.558,2.99651255927045e-11
"CDH3",3.03042251593768e-15,-3.54672879992803,0.003,0.177,3.12103214916422e-11
"CNFN",3.05506401592049e-15,-3.50457997170949,0.003,0.177,3.14641042999651e-11
"DCXR",3.34451785574788e-15,-0.862231267184629,0.197,0.585,3.44451893963475e-11
"HIGD1A",3.43925072268644e-15,-0.852938715895804,0.072,0.35,3.54208431929477e-11
"ATF7",3.52251322642701e-15,-1.10774321440467,0.038,0.269,3.62783637189718e-11
"CHCHD10",3.59456649794517e-15,-1.1277724423502,0.176,0.538,3.70204403623373e-11
"AFMID",3.68344750040598e-15,-3.29981307102604,0.006,0.185,3.79358258066812e-11
"DNAJC2",3.71826486292154e-15,-0.575983626847809,0.09,0.388,3.82944098232289e-11
"CACNB3",3.77119060940704e-15,-3.3014340047519,0.006,0.185,3.88394920862831e-11
"C14orf1",3.8569168453028e-15,-0.717715833160187,0.104,0.415,3.97223865897735e-11
"AKNA",3.89476096756576e-15,4.43617019340012,0.364,0.119,4.01121432049598e-11
"AREG",4.00997232363168e-15,-1.34762213356331,0.127,0.435,4.12987049610827e-11
"ATXN2",4.22582601201873e-15,-1.54874833729415,0.043,0.281,4.35217820977808e-11
"EMC3",4.39873598158832e-15,-0.584931601305682,0.124,0.462,4.53025818743781e-11
"FDX1L",4.43332479406171e-15,-1.30379480960345,0.032,0.254,4.56588120540416e-11
"DYNLRB1",4.48622068171756e-15,-0.968672719329235,0.318,0.738,4.62035868010091e-11
"GM2A",4.62075424993456e-15,-2.61957516919664,0.009,0.192,4.7589148020076e-11
"COPS7A",4.66812551689296e-15,-1.20590327541388,0.032,0.254,4.80770246984806e-11
"AHCYL2",4.72275011817805e-15,-8.60313927518101,0,0.165,4.86396034671157e-11
"DTX4",4.72275011817805e-15,-7.90997698348337,0,0.165,4.86396034671157e-11
"GALNT12",4.72275011817805e-15,-7.1593067656074,0,0.165,4.86396034671157e-11
"C14orf119",4.79983028240531e-15,-0.713381444361356,0.09,0.385,4.94334520784923e-11
"HNRNPA1",4.86394754447547e-15,0.738152601214805,0.896,0.842,5.00937957605529e-11
"COQ9",4.92574983444369e-15,-1.11543527955827,0.029,0.246,5.07302975449356e-11
"CDK5RAP3",5.02729814703523e-15,-0.908544950889045,0.113,0.431,5.17761436163159e-11
"FAAP20",5.19968747894717e-15,-0.733628098849323,0.194,0.596,5.35515813456769e-11
"HMGCL",5.52052664899668e-15,-1.72236223377944,0.023,0.231,5.68559039580168e-11
"BTBD6",5.87889211035354e-15,-1.62543927252162,0.014,0.208,6.05467098445311e-11
"AC013461.1",6.20502332902488e-15,-1.88395180702828,0.017,0.215,6.39055352656272e-11
"ATF5",6.38064396594722e-15,-4.2779138940731,0.003,0.173,6.57142522052905e-11
"ABCF2",6.43595485207772e-15,-1.51560229295392,0.02,0.223,6.62838990215484e-11
"CLIC2",6.48465264323285e-15,-3.74224071678418,0.003,0.173,6.67854375726551e-11
"GPT2",6.59032967113502e-15,-3.23922061289429,0.003,0.173,6.78738052830195e-11
"CUL4A",6.6422532217211e-15,-0.981768914162689,0.061,0.319,6.84085659305056e-11
"CENPB",6.84881961012332e-15,-1.37324682899508,0.02,0.223,7.05359931646601e-11
"ARHGAP27",7.09941549268016e-15,-1.45115340670741,0.035,0.258,7.3116880159113e-11
"COMMD4",7.29575641267998e-15,-0.620589337084341,0.092,0.388,7.51389952941911e-11
"GANAB",7.3446209956421e-15,-0.279435010935017,0.081,0.369,7.5642251634118e-11
"CBX1",7.52023967997269e-15,-0.85212829336081,0.061,0.319,7.74509484640388e-11
"CMAS",7.85746535627302e-15,-0.584243251175642,0.072,0.346,8.09240357042559e-11
"ENTPD6",8.12547848470745e-15,-1.22794710981109,0.038,0.265,8.36843029140020e-11
"C1orf106",8.56722757541388e-15,-2.70733546844409,0.006,0.181,8.82338767991875e-11
"GPR65",9.62851227277482e-15,6.82002364741169,0.246,0.023,9.91640478973079e-11
"ECH1",1.00573065715398e-14,-0.912880355589204,0.231,0.631,1.03580200380288e-10
"ADAM17",1.01761084348194e-14,-0.707025385375701,0.046,0.285,1.04803740770205e-10
"BMP4",1.02668710099694e-14,-7.91777918511303,0,0.162,1.05738504531675e-10
"C1R",1.02668710099694e-14,-8.46762458948071,0,0.162,1.05738504531675e-10
"COBL",1.02668710099694e-14,-8.19135651305374,0,0.162,1.05738504531675e-10
"CTA-384D8.34",1.02668710099694e-14,-8.2505338677946,0,0.162,1.05738504531675e-10
"ETV4",1.02668710099694e-14,-8.07681454764448,0,0.162,1.05738504531675e-10
"FAAH",1.02668710099694e-14,-7.98935714598446,0,0.162,1.05738504531675e-10
"HAGLR",1.02668710099694e-14,-7.95939234243581,0,0.162,1.05738504531675e-10
"DNAJC15",1.07049359122449e-14,-0.871929703524238,0.139,0.473,1.1025013496021e-10
"GNPNAT1",1.11103407969079e-14,-2.22803939095331,0.012,0.196,1.14425399867354e-10
"CIAPIN1",1.1151750471255e-14,-1.21044454426042,0.029,0.242,1.14851878103455e-10
"CINP",1.12804175324908e-14,-0.705020337022725,0.058,0.312,1.16177020167122e-10
"DNM2",1.15065714983874e-14,-0.823719199249959,0.066,0.327,1.18506179861892e-10
"AP1G2",1.1937884850665e-14,-1.48100439183748,0.038,0.262,1.22948276076999e-10
"GATAD1",1.19399480944798e-14,-1.07129034940234,0.043,0.277,1.22969525425048e-10
"ESRRA",1.21146317073582e-14,-2.06272083854123,0.014,0.204,1.24768591954083e-10
"BCL3",1.27167081949956e-14,-0.754843406439328,0.032,0.25,1.3096937770026e-10
"CES2",1.29253218687959e-14,-1.19181860685994,0.014,0.204,1.33117889926729e-10
"GAS6",1.29791689601682e-14,-5.62726976531371,0.003,0.169,1.33672461120772e-10
"CASP6",1.30905087476324e-14,-1.65896868612987,0.017,0.212,1.34819149591866e-10
"FOXK2",1.31828647664384e-14,-1.67694141496088,0.017,0.212,1.35770324229549e-10
"CISD3",1.37573314983387e-14,-0.687817227949939,0.156,0.512,1.41686757101391e-10
"DPM3",1.38530362458106e-14,-0.653844958765024,0.107,0.415,1.42672420295603e-10
"APH1A",1.40083540061315e-14,-0.666324001768931,0.165,0.535,1.44272037909148e-10
"EPS8L1",1.40702466329904e-14,-3.6550398955455,0.003,0.169,1.44909470073168e-10
"ETF1",1.41037068330988e-14,-0.433200354660752,0.116,0.435,1.45254076674085e-10
"GRHL1",1.4184189354454e-14,-3.81835846053834,0.003,0.169,1.46082966161522e-10
"FAM20A",1.4299039826353e-14,-3.43926717819829,0.003,0.169,1.4726581117161e-10
"FERMT2",1.44148051573721e-14,-3.49338465424534,0.003,0.169,1.48458078315775e-10
"EIF2S2",1.54717714847429e-14,-0.874066047691427,0.231,0.631,1.59343774521367e-10
"CLN3",1.65401594267696e-14,-0.775063233620579,0.066,0.327,1.703471019363e-10
"CNOT11",1.66198891981175e-14,-0.473453961464222,0.043,0.277,1.71168238851412e-10
"C1orf50",1.68521581045975e-14,-1.12811470142604,0.035,0.254,1.7356037631925e-10
"ARIH1",1.81044292071072e-14,-0.930545754229882,0.092,0.381,1.86457516403997e-10
"CACFD1",1.85234710641039e-14,-2.70236766937524,0.006,0.177,1.90773228489206e-10
"CERS2",1.85263539499864e-14,-0.309050882644989,0.11,0.427,1.9080291933091e-10
"GLRX2",1.85319337620237e-14,-0.694802780663211,0.038,0.262,1.90860385815082e-10
"ATXN10",1.86080274715684e-14,-0.640715654439659,0.101,0.404,1.91644074929682e-10
"DRG1",1.86552466238739e-14,-1.07019296202679,0.061,0.312,1.92130384979277e-10
"HAX1",1.99369980983487e-14,-0.601064719679858,0.165,0.527,2.05331143414894e-10
"CDKN2AIPNL",1.99632098703228e-14,-0.650024984075516,0.035,0.254,2.05601098454454e-10
"GLS",2.02443410153607e-14,-0.928089291223908,0.084,0.358,2.084964681172e-10
"EGLN1",2.04302641654941e-14,-1.2275617495,0.032,0.246,2.10411290640424e-10
"C11orf49",2.11217249264294e-14,-1.87582316455964,0.023,0.223,2.17532645017297e-10
"DENND5A",2.14688142763951e-14,-2.31545699106427,0.009,0.185,2.21107318232593e-10
"GPD2",2.16317961933446e-14,-2.27241447457615,0.009,0.185,2.22785868995257e-10
"CLMN",2.2269104473642e-14,-8.0000373240187,0,0.158,2.29349506974039e-10
"COL17A1",2.2269104473642e-14,-8.47320367259164,0,0.158,2.29349506974039e-10
"CREB5",2.2269104473642e-14,-8.98725403674498,0,0.158,2.29349506974039e-10
"CTDSPL",2.2269104473642e-14,-8.09573678154366,0,0.158,2.29349506974039e-10
"EPB41L1",2.2269104473642e-14,-7.4895855283729,0,0.158,2.29349506974039e-10
"FAM57A",2.2269104473642e-14,-7.00523814200602,0,0.158,2.29349506974039e-10
"B4GALT5",2.23443579195176e-14,-0.776151650940351,0.035,0.254,2.30124542213112e-10
"CHPF2",2.31552953799339e-14,-2.02379336479733,0.02,0.215,2.3847638711794e-10
"DYNC2LI1",2.32803061851046e-14,-2.23684518003377,0.012,0.192,2.39763873400392e-10
"ENO2",2.48224591130544e-14,-1.62847240987201,0.023,0.223,2.55646506405347e-10
"GPR107",2.50816485681704e-14,-2.06074993802407,0.014,0.2,2.58315898603587e-10
"EDEM1",2.5082669700144e-14,-1.37886250006966,0.026,0.231,2.58326415241783e-10
"COMMD1",2.51997013183978e-14,-0.524591714422767,0.104,0.408,2.59531723878179e-10
"FAF2",2.53981506446023e-14,-1.1283631698678,0.04,0.265,2.61575553488759e-10
"ATP6V1F",2.54097008873813e-14,-0.937339158276627,0.332,0.712,2.6169450943914e-10
"CCL4L2",2.58244881439732e-14,5.29868511096626,0.41,0.181,2.65966403394779e-10
"HAGH",2.70048533978526e-14,-0.58562402071245,0.104,0.404,2.78122985144484e-10
"FURIN",2.71145870268917e-14,-0.620614874121819,0.043,0.273,2.79253131789957e-10
"HLA-F",2.77277258925796e-14,2.38081225664358,0.503,0.296,2.85567848967678e-10
"EIF5B",2.89849842567148e-14,-0.663671302543537,0.199,0.585,2.98516352859906e-10
"GFER",2.94503639932183e-14,-0.255085049410283,0.075,0.346,3.03309298766155e-10
"FNDC3A",2.97400412607523e-14,-0.808890803326018,0.017,0.208,3.06292684944488e-10
"C9orf152",2.9972886005748e-14,-4.78061115251874,0.003,0.165,3.08690752973198e-10
"ALDH7A1",3.02151405783211e-14,-4.40479326391464,0.003,0.165,3.11185732816129e-10
"EBAG9",3.07302469383933e-14,-0.543202502267199,0.069,0.331,3.16490813218512e-10
"HOXB7",3.12035644089624e-14,-3.4734671516314,0.003,0.165,3.21365509847903e-10
"CTNNBL1",3.12117620364877e-14,-0.739056070131715,0.052,0.292,3.21449937213787e-10
"GOLPH3",3.38182497655579e-14,-0.7005795455676,0.104,0.404,3.48294154335481e-10
"C21orf59",3.51143584473979e-14,-0.466670537042346,0.072,0.338,3.61642777649751e-10
"HNRNPAB",3.96460414718385e-14,-0.382011401333484,0.11,0.419,4.08314581118465e-10
"BOK",4.0551676365724e-14,-3.6184646897574,0.009,0.181,4.17641714890592e-10
"EIF4E2",4.10412439689145e-14,-0.57913789699601,0.107,0.412,4.22683771635851e-10
"DCTD",4.27608169480966e-14,-0.521766845478786,0.069,0.331,4.40393653748447e-10
"EMG1",4.42832483204284e-14,-0.794197556762402,0.081,0.354,4.56073174452092e-10
"ALDH3B1",4.43955604795978e-14,-2.91707368895584,0.009,0.181,4.57229877379377e-10
"FAM3A",4.4914059234106e-14,-0.867981464570942,0.055,0.296,4.62569896052058e-10
"CCDC124",4.50310314752762e-14,-0.61917934164397,0.095,0.385,4.63774593163869e-10
"CYC1",4.54092524192541e-14,-0.571863805169962,0.153,0.504,4.67669890665898e-10
"EEF1D",4.55676169686317e-14,0.543727291941962,0.931,0.919,4.69300887159938e-10
"GCHFR",4.68821644663985e-14,-0.53930001179354,0.136,0.465,4.82839411839438e-10
"CWC15",4.7696686594936e-14,-0.526190847011928,0.156,0.508,4.91228175241246e-10
"CDKN1C",4.81945604267351e-14,-8.07735998086065,0,0.154,4.96355777834945e-10
"CGNL1",4.81945604267351e-14,-8.27187130017647,0,0.154,4.96355777834945e-10
"FOXA1",4.81945604267351e-14,-7.54070876587003,0,0.154,4.96355777834945e-10
"FOXC1",4.81945604267351e-14,-8.09445683906021,0,0.154,4.96355777834945e-10
"GAREM1",4.81945604267351e-14,-7.35201318738928,0,0.154,4.96355777834945e-10
"GLIS3",4.81945604267351e-14,-7.83453815928615,0,0.154,4.96355777834945e-10
"HDDC3",4.82461747602349e-14,-0.634602837587589,0.032,0.242,4.96887353855659e-10
"COL18A1",4.93441347292191e-14,-1.99343120142098,0.02,0.212,5.08195243576227e-10
"CCS",4.97173922543737e-14,-0.572995474417972,0.066,0.323,5.12039422827795e-10
"DNAL4",5.21669469783689e-14,-2.00207875177988,0.014,0.196,5.37267386930221e-10
"CHKA",5.31314568322447e-14,-1.99881678495992,0.012,0.188,5.47200873915288e-10
"CCDC127",5.36785481308308e-14,-1.74913040323228,0.014,0.196,5.52835367199426e-10
"BRD3",5.57916384925402e-14,-1.54167165650173,0.02,0.212,5.74598084834671e-10
"GBA",5.65590703199354e-14,-0.991329679972399,0.023,0.219,5.82501865225015e-10
"CARM1",5.76485072496543e-14,-1.47287762872282,0.014,0.196,5.93721976164190e-10
"FUNDC2",5.87598527768904e-14,-0.603973688664497,0.133,0.465,6.05167723749194e-10
"FAM96B",5.92694847103938e-14,-0.74890890555596,0.275,0.7,6.10416423032346e-10
"ANGPTL4",6.31983970373058e-14,-5.16479836172511,0.003,0.162,6.50880291087212e-10
"APITD1",6.4740180563557e-14,-4.66976285039632,0.003,0.162,6.66759119624074e-10
"GRB10",6.4740180563557e-14,-4.27110381820819,0.003,0.162,6.66759119624074e-10
"FAM45A",6.48075253656685e-14,-0.667365933464148,0.052,0.288,6.6745270374102e-10
"AC007325.4",6.52622796017759e-14,-3.85592191313336,0.003,0.162,6.7213621761869e-10
"DNAL1",6.52622796017759e-14,-4.37853867762844,0.003,0.162,6.7213621761869e-10
"ACP2",6.57885173277947e-14,-4.16285626932089,0.003,0.162,6.77555939958957e-10
"ALG14",6.63189259607371e-14,-3.86564463955984,0.003,0.162,6.83018618469631e-10
"ASPHD1",6.63189259607371e-14,-3.43189957572508,0.003,0.162,6.83018618469631e-10
"CELSR1",6.63189259607371e-14,-4.24464487853503,0.003,0.162,6.83018618469631e-10
"DECR2",6.63189259607371e-14,-4.17500373209134,0.003,0.162,6.83018618469631e-10
"CFH",6.68535379658022e-14,-3.97091452706458,0.003,0.162,6.88524587509797e-10
"FAM96A",6.69037048124709e-14,-0.649703910439249,0.075,0.338,6.89041255863638e-10
"ABCA7",6.93705327857628e-14,-1.4883677393099,0.032,0.238,7.14447117160571e-10
"GINM1",6.967915221312e-14,-0.595359147544115,0.061,0.308,7.17625588642923e-10
"C7orf49",7.21366650913004e-14,-0.75948810914286,0.049,0.281,7.42935513775303e-10
"ATP6V0D1",7.230737415387e-14,-0.691443852373586,0.133,0.454,7.44693646410707e-10
"ECM1",7.47686122104613e-14,-4.16108048222009,0.006,0.169,7.70041937155541e-10
"CUL3",7.72517138979084e-14,-0.855759040211001,0.058,0.3,7.95615401434559e-10
"HMCES",8.21533611378523e-14,-0.723543302062647,0.046,0.273,8.46097466358741e-10
"FAM104B",8.25179806836996e-14,-1.06243338128413,0.035,0.246,8.49852683061422e-10
"GNL1",8.38384444309818e-14,-0.713263076863637,0.078,0.342,8.63452139194681e-10
"C6orf1",8.51792198349774e-14,-0.576821735287244,0.092,0.373,8.77260785080432e-10
"GSTM3",8.5249092451155e-14,-1.73150219046401,0.026,0.223,8.77980403154445e-10
"GALNT1",8.55000869200724e-14,-0.668073562566381,0.049,0.281,8.80565395189826e-10
"AIMP1",8.60399755271565e-14,-0.581544242890987,0.15,0.496,8.86125707954185e-10
"ALG1",8.66423023395874e-14,-2.1493519554135,0.006,0.169,8.9232907179541e-10
"FADD",8.70463186981007e-14,-1.16653412768047,0.032,0.238,8.96490036271739e-10
"DHX15",8.89870781812875e-14,-0.6743173929137,0.078,0.342,9.1647791818908e-10
"GPI",8.9076962866007e-14,-0.729298397452876,0.118,0.423,9.17403640557006e-10
"GOLGA5",8.98273770910856e-14,-1.34637011943141,0.029,0.231,9.25132156661091e-10
"BCL7C",9.02328903366518e-14,-0.659528482265536,0.107,0.404,9.29308537577177e-10
"BRD4",9.11687699560042e-14,-0.320298681076973,0.113,0.419,9.38947161776887e-10
"CARS2",9.2804602376365e-14,-1.57055301505482,0.026,0.223,9.55794599874183e-10
"HEATR5A",9.43936262837925e-14,-2.83087881704089,0.009,0.177,9.72159957096779e-10
"HIST1H2BC",9.65454169354686e-14,-2.64676452784142,0.009,0.177,9.94321249018391e-10
"GPBP1L1",9.82217929616118e-14,-0.53318660263437,0.075,0.338,1.01158624571164e-09
"CC2D1A",1.0234292839789e-13,-1.37915846596591,0.026,0.223,1.05402981956987e-09
"DOK4",1.02522020797443e-13,-1.75075952670987,0.009,0.177,1.05587429219287e-09
"ARPIN",1.04071886672761e-13,-7.24588538528398,0,0.15,1.07183636084276e-09
"CTHRC1",1.04071886672761e-13,-8.90811838503332,0,0.15,1.07183636084276e-09
"FZD6",1.04071886672761e-13,-7.76815358322596,0,0.15,1.07183636084276e-09
"GULP1",1.04071886672761e-13,-7.77420300866507,0,0.15,1.07183636084276e-09
"COX6C",1.0470266027778e-13,-0.827647046225952,0.587,0.888,1.07833269820086e-09
"CERS4",1.0481708078128e-13,-1.90362682607835,0.02,0.208,1.0795111149664e-09
"ACER3",1.05045422779979e-13,-1.30782006743953,0.026,0.223,1.081862809211e-09
"GOLIM4",1.07446150863138e-13,-0.784003061898219,0.029,0.231,1.10658790773945e-09
"GGH",1.07555711437447e-13,-2.3889050427624,0.012,0.185,1.10771627209427e-09
"C5orf15",1.09856766778047e-13,-0.814679779997774,0.052,0.285,1.13141484104711e-09
"AKIP1",1.14485240173162e-13,-1.54850378946064,0.02,0.208,1.17908348854339e-09
"ARL5B",1.16837894208841e-13,-1.55056763062681,0.02,0.208,1.20331347245686e-09
"DCAF12",1.17727230878929e-13,-1.1829364455339,0.023,0.215,1.21247275082209e-09
"ACLY",1.233602170602e-13,-0.765936505094659,0.04,0.258,1.270486875503e-09
"CASC4",1.31706554894568e-13,-0.305885282258191,0.081,0.35,1.35644580885915e-09
"ARHGEF5",1.3511759505975e-13,-5.22065536207304,0.003,0.158,1.39157611152036e-09
"CTDNEP1",1.36595234310452e-13,-0.323764022784652,0.09,0.369,1.40679431816335e-09
"CRYM",1.37301847489067e-13,-4.64260298275775,0.003,0.158,1.4140717272899e-09
"CLTB",1.40011394156693e-13,-0.807996692340691,0.217,0.596,1.44197734841979e-09
"CFI",1.42915421015545e-13,-4.12378463530368,0.003,0.158,1.4718859210391e-09
"FAM89A",1.45223462884116e-13,-3.07179230553861,0.003,0.158,1.49565644424351e-09
"CHTOP",1.46818073933297e-13,-0.422755928656337,0.116,0.419,1.51207934343903e-09
"C5orf24",1.4758337733039e-13,-0.776312876830723,0.058,0.296,1.51996120312569e-09
"DNAJC3",1.49288549398959e-13,-0.769757262977398,0.107,0.4,1.53752277025987e-09
"ATP6V1H",1.49580616694524e-13,-0.746712853779305,0.078,0.338,1.5405307713369e-09
"GOT2",1.51705881847733e-13,-1.18176826792929,0.035,0.242,1.5624188771498e-09
"CLEC2D",1.67337443174669e-13,3.61141382962319,0.332,0.1,1.72340832725592e-09
"ABCA3",1.68207740922376e-13,-3.89515013008404,0.006,0.165,1.73237152375955e-09
"FBXO32",1.77321635462377e-13,-1.59099416699945,0.046,0.265,1.82623552362702e-09
"HILPDA",1.85072992060511e-13,-3.37287723703119,0.012,0.181,1.90606674523121e-09
"FZD5",1.85990994190218e-13,-2.06386918704227,0.006,0.165,1.91552124916505e-09
"ECSIT",1.94720788794725e-13,-0.845282327954368,0.043,0.262,2.00542940379687e-09
"CHCHD7",1.97445589371283e-13,-0.661848507670119,0.101,0.385,2.03349212493484e-09
"GOLGB1",1.9799322950118e-13,-0.525442377417449,0.101,0.388,2.03913227063266e-09
"HIBCH",1.99221445380574e-13,-2.65862248849392,0.017,0.196,2.05178166597453e-09
"DNAJB11",1.99902300930369e-13,-0.568294814344728,0.101,0.388,2.05879379728187e-09
"HIPK3",2.07403031071248e-13,-1.01554345439534,0.029,0.227,2.13604381700278e-09
"GUCD1",2.17882084336777e-13,-0.935991888936195,0.04,0.254,2.24396758658446e-09
"COX14",2.18871445908341e-13,-0.698954620898247,0.24,0.631,2.25415702141e-09
"ARHGAP1",2.19835400068447e-13,-1.02689182299741,0.04,0.254,2.26408478530494e-09
"ACTN4",2.22887376628638e-13,-0.908286724664686,0.214,0.577,2.29551709189834e-09
"ARMC9",2.2424300834864e-13,-8.28705936116556,0,0.146,2.30947874298264e-09
"CHST15",2.2424300834864e-13,-7.46692812783048,0,0.146,2.30947874298264e-09
"CSRP2",2.2424300834864e-13,-7.70183454506653,0,0.146,2.30947874298264e-09
"EPHB3",2.2424300834864e-13,-7.55049974528414,0,0.146,2.30947874298264e-09
"FGGY",2.2424300834864e-13,-7.8735315848506,0,0.146,2.30947874298264e-09
"GCNT3",2.2424300834864e-13,-8.3066368532169,0,0.146,2.30947874298264e-09
"GTF2IRD1",2.2424300834864e-13,-7.89529770937888,0,0.146,2.30947874298264e-09
"BAG6",2.27218810491185e-13,-0.594003234441959,0.087,0.358,2.34012652924871e-09
"FLCN",2.28572196622225e-13,-2.27993460458843,0.012,0.181,2.35406505301229e-09
"C17orf58",2.30238910620832e-13,-2.34417950210928,0.012,0.181,2.37123054048395e-09
"ACSF2",2.31917561895029e-13,-2.25321609418704,0.012,0.181,2.3885189699569e-09
"GLIPR1",2.3196451754362e-13,3.51457339618087,0.286,0.062,2.38900256618174e-09
"ATMIN",2.3324640911266e-13,-0.620226409719375,0.029,0.227,2.40220476745129e-09
"CCDC58",2.40658738025368e-13,-1.6957715208896,0.02,0.204,2.47854434292327e-09
"FAM177A1",2.43640823983746e-13,-0.877689902952379,0.269,0.677,2.5092568462086e-09
"CCDC112",2.440094849392e-13,-1.26882472679385,0.012,0.181,2.51305368538882e-09
"AFF4",2.47871492841341e-13,-0.511269692561378,0.118,0.423,2.55282850477298e-09
"GNPTG",2.49759279457425e-13,-0.479709551877083,0.043,0.262,2.57227081913202e-09
"CPTP",2.49888368752473e-13,-0.563930893922987,0.026,0.219,2.57360030978172e-09
"BLZF1",2.52518856970383e-13,-1.60849197361125,0.014,0.188,2.60069170793798e-09
"FASTK",2.57749504305585e-13,-0.34042817857545,0.098,0.381,2.65456214484322e-09
"C8orf59",2.63037775993643e-13,-0.63586173169681,0.225,0.627,2.70902605495853e-09
"AAMP",2.65603634735021e-13,-0.36101124389915,0.11,0.408,2.73545183413598e-09
"CAB39",2.7096834457692e-13,-0.544509439296447,0.061,0.3,2.7907029807977e-09
"DAPK3",2.83199966789985e-13,-0.926486906588226,0.055,0.285,2.91667645797006e-09
"CCT8",2.83462713197628e-13,-0.769721752834682,0.153,0.481,2.91938248322237e-09
"C19orf48",2.8512494944105e-13,-1.15861687185314,0.035,0.238,2.93650185429337e-09
"ERCC1",3.00792317785171e-13,-0.337735666546245,0.092,0.369,3.09786008086948e-09
"DAB2IP",3.04843488268394e-13,-4.02086987209047,0.003,0.154,3.13958308567619e-09
"DPY19L4",3.09756055644785e-13,-3.78731700845078,0.003,0.154,3.19017761708564e-09
"C6orf89",3.1306090944416e-13,-0.669159824480738,0.072,0.323,3.2242143063654e-09
"ATP5J2",3.1395516406789e-13,-0.985069028797896,0.408,0.769,3.2334242347352e-09
"CAMLG",3.17998809092015e-13,-0.409668991165625,0.176,0.535,3.27506973483866e-09
"CHD6",3.28893691943449e-13,-0.613207256938987,0.072,0.323,3.38727613332559e-09
"ACSL5",3.36719471787306e-13,-0.544763999790387,0.049,0.273,3.46787383993746e-09
"CFD",3.37262129148399e-13,-1.34573266008824,0.032,0.231,3.47346266809936e-09
"DHX9",3.51566468420936e-13,-0.500915710816053,0.081,0.342,3.62078305826722e-09
"ARFGAP1",3.54027119647568e-13,-1.32146051335321,0.029,0.223,3.6461253052503e-09
"FOSB",3.6495193335347e-13,-1.31201284972222,0.254,0.592,3.75863996160739e-09
"FEM1B",3.77406081695572e-13,-3.2144010016243,0.006,0.162,3.88690523538269e-09
"FMNL2",3.77406081695572e-13,-3.01849530362034,0.006,0.162,3.88690523538269e-09
"CLNS1A",3.7995286292822e-13,-0.276759834882917,0.153,0.496,3.91313453529774e-09
"CRAT",3.9222831430579e-13,-2.39016815717739,0.006,0.162,4.03955940903533e-09
"EXT1",3.9222831430579e-13,-3.32688985698355,0.006,0.162,4.03955940903533e-09
"C1GALT1",3.94639896683397e-13,-0.749842469968993,0.069,0.315,4.06439629594231e-09
"FH",4.06332879344498e-13,-0.85016771687529,0.032,0.231,4.18482232436898e-09
"GMCL1",4.09935943904736e-13,-0.793792009684447,0.061,0.296,4.22193028627487e-09
"EXOC7",4.12337624847335e-13,-0.491422010527795,0.11,0.4,4.24666519830271e-09
"BTBD7",4.12595092890487e-13,-1.43390736862631,0.026,0.215,4.24931686167912e-09
"GLMP",4.2209520133692e-13,-1.10006843113314,0.04,0.25,4.34715847856893e-09
"EGLN2",4.30080126234794e-13,-0.47306672839908,0.098,0.377,4.42939522009215e-09
"DEGS1",4.43063333076623e-13,-0.821784371729523,0.066,0.308,4.56310926735614e-09
"ELOVL1",4.44591446568477e-13,-0.709916749915731,0.075,0.327,4.57884730820874e-09
"ATP5I",4.57741982768826e-13,-0.884860018063673,0.393,0.781,4.71428468053614e-09
"ACIN1",4.64700071200272e-13,-0.279618117231208,0.081,0.342,4.7859460332916e-09
"ATP10B",4.82130827607933e-13,-9.58820037047589,0,0.142,4.9654653935341e-09
"FRK",4.82130827607933e-13,-7.37877717934423,0,0.142,4.9654653935341e-09
"ATF2",4.84452773321003e-13,-2.25580085993289,0.012,0.177,4.98937911243301e-09
"ATAD3A",4.87648168233011e-13,-1.82314832677404,0.02,0.2,5.02228848463178e-09
"DHX29",4.88876279775712e-13,-0.394471356886204,0.069,0.315,5.03493680541006e-09
"GRAMD3",4.92090570802244e-13,-1.32628659311989,0.023,0.208,5.06804078869231e-09
"DPM1",4.92623912274206e-13,-0.263561285722275,0.121,0.423,5.07353367251205e-09
"GRAMD1A",4.94429150599621e-13,-0.57605791540136,0.11,0.4,5.09212582202549e-09
"CETN3",5.05936145537515e-13,-1.79993838603476,0.012,0.177,5.21063636289087e-09
"HMBS",5.08496760661758e-13,-0.857106111254955,0.023,0.208,5.23700813805544e-09
"DNAJC4",5.14936288248821e-13,-0.646304701529338,0.101,0.381,5.3033288326746e-09
"AIFM1",5.17023432581654e-13,-1.63667237302948,0.012,0.177,5.32482433215845e-09
"CPNE2",5.28505579623887e-13,-0.995332742467355,0.02,0.2,5.44307896454641e-09
"FLYWCH2",5.30198358576262e-13,-0.751876706829027,0.038,0.242,5.46051289497692e-09
"C2orf68",5.52231077847587e-13,-1.50912831570798,0.04,0.246,5.68742787075229e-09
"C8orf33",5.53694945436085e-13,-0.502260900410613,0.04,0.25,5.70250424304624e-09
"GSE1",5.62479574995956e-13,-0.871864841036205,0.049,0.269,5.79297714288335e-09
"CAPG",5.79762928050917e-13,-0.574429503534766,0.118,0.415,5.97097839599639e-09
"C11orf24",5.80754308225004e-13,-1.36368559711113,0.017,0.192,5.98118862040932e-09
"CHPT1",5.89118382466854e-13,-1.15286905661884,0.035,0.235,6.06733022102613e-09
"GIGYF2",6.22257926986946e-13,-1.06507423464104,0.035,0.235,6.40863439003855e-09
"GPC1",6.28441528142786e-13,-5.05033500643691,0.003,0.15,6.47231929834255e-09
"FAM134A",6.48376964783511e-13,-0.287799563007279,0.078,0.335,6.67763436030538e-09
"DGCR6",6.54020089085013e-13,-3.82761209168476,0.003,0.15,6.73575289748655e-09
"C10orf11",6.59257094605545e-13,-3.68938998983238,0.003,0.15,6.7896888173425e-09
"C2CD2",6.64535260315779e-13,-3.50995203614152,0.003,0.15,6.84404864599221e-09
"FBXO21",7.35022582075541e-13,-0.664425173052402,0.046,0.262,7.569997572796e-09
"FTSJ1",7.78254147290446e-13,-0.944669995734207,0.032,0.227,8.01523946294431e-09
"EMD",7.97905855644353e-13,-0.665410210159496,0.121,0.415,8.2176324072812e-09
"HECTD4",8.1270809036428e-13,-2.86831910121899,0.006,0.158,8.37008062266172e-09
"HHLA3",8.25288455519471e-13,-2.8340338311084,0.006,0.158,8.49964580339503e-09
"DHCR7",8.47498256410663e-13,-1.19643208452448,0.029,0.219,8.72838454277342e-09
"EFNA4",8.84851307074752e-13,-1.22582586238325,0.026,0.212,9.11308361156287e-09
"ANKRD37",8.99764239327779e-13,-0.962389385118842,0.061,0.288,9.26667190083679e-09
"ABHD5",9.00509418389051e-13,-1.00048827223394,0.04,0.246,9.27434649998884e-09
"BCL6",9.20999811262481e-13,-2.88424314431469,0.009,0.165,9.4853770561923e-09
"DCAF8",9.24871947115965e-13,-0.694622341575087,0.043,0.254,9.52525618334732e-09
"ARHGAP30",9.32249944163494e-13,4.36617830496254,0.234,0.031,9.60124217493983e-09
"CASC3",9.43749201399903e-13,-0.792815158168021,0.04,0.246,9.7196730252176e-09
"ATPAF1",9.53634439548576e-13,-0.749459786780623,0.049,0.265,9.82148109291078e-09
"CHCHD4",9.55839067420671e-13,-2.24047401439169,0.009,0.165,9.84418655536549e-09
"AUP1",9.61030222566216e-13,-0.458559457988058,0.194,0.562,9.89765026220946e-09
"BMPR2",9.66212035475393e-13,-1.34896918356085,0.035,0.231,9.95101775336107e-09
"ADCK2",9.7736005095622e-13,-1.84003197389272,0.009,0.165,1.00658311647981e-08
"ESD",9.78652878053444e-13,-0.455050283912898,0.136,0.446,1.00791459910724e-08
"ACO1",9.82000691025479e-13,-1.36528130939458,0.023,0.204,1.01136251168714e-08
"CCNJL",9.91970822280447e-13,-1.84111105557141,0.009,0.165,1.02163074986663e-08
"COX5A",9.93750467482813e-13,-0.890994266849741,0.324,0.723,1.02346360646055e-08
"FMR1",1.0052503881566e-12,-1.70686508357052,0.02,0.196,1.03530737476249e-08
"CCNC",1.00816623943645e-12,-0.433265603777128,0.087,0.346,1.0383104099956e-08
"BBS7",1.009399285395e-12,-2.22512597032074,0.012,0.173,1.03958032402831e-08
"FBXW4",1.02496240688862e-12,-0.664085535649037,0.026,0.212,1.05560878285459e-08
"CKAP5",1.03144593999274e-12,-2.07843595982301,0.012,0.173,1.06228617359852e-08
"ACOX2",1.03438534954252e-12,-7.14713552872034,0,0.138,1.06531347149384e-08
"ARHGEF16",1.03438534954252e-12,-7.33678227715961,0,0.138,1.06531347149384e-08
"C3orf52",1.03438534954252e-12,-7.17301819011735,0,0.138,1.06531347149384e-08
"C4BPB",1.03438534954252e-12,-7.63118919844517,0,0.138,1.06531347149384e-08
"FA2H",1.03438534954252e-12,-7.53600395872528,0,0.138,1.06531347149384e-08
"BMI1",1.03581279591348e-12,-2.26057153901144,0.017,0.188,1.0667835985113e-08
"C12orf45",1.04381238645077e-12,-0.410353280258473,0.043,0.254,1.07502237680565e-08
"BACH1",1.06387133922203e-12,-2.05201727686745,0.014,0.181,1.09568109226477e-08
"FCGR2A",1.08474228536561e-12,-1.84418077545837,0.012,0.173,1.11717607969804e-08
"DVL3",1.10359071967636e-12,-1.27939566468973,0.02,0.196,1.13658808219468e-08
"FTSJ2",1.10359071967636e-12,-1.12998605108304,0.02,0.196,1.13658808219468e-08
"CSE1L",1.12586074203925e-12,-1.40792840980602,0.02,0.196,1.15952397822622e-08
"ATP6V1A",1.13474649253445e-12,-0.780158458745712,0.049,0.265,1.16867541266123e-08
"ALDH9A1",1.15038845421009e-12,-0.641582107594057,0.072,0.315,1.18478506899097e-08
"AGO1",1.16395819346018e-12,-0.933396205211433,0.02,0.196,1.19876054344464e-08
"ETV6",1.20332629521922e-12,-1.01935333427909,0.02,0.196,1.23930575144627e-08
"CLIP1",1.23021545228382e-12,-0.580936341018226,0.078,0.327,1.26699889430711e-08
"BANF1",1.23696252190899e-12,-0.779862362228072,0.251,0.635,1.27394770131406e-08
"ASPSCR1",1.29505872137429e-12,-0.910181647969116,0.052,0.269,1.33378097714338e-08
"ACP6",1.37796523734886e-12,-4.46331394832742,0.003,0.146,1.41916639794559e-08
"FBXW5",1.40740978913987e-12,-0.614222087695392,0.139,0.446,1.44949134183515e-08
"CCNO",1.42253179478421e-12,-3.17105028948488,0.003,0.146,1.46506549544826e-08
"ERLIN2",1.42253179478421e-12,-3.6723854534693,0.003,0.146,1.46506549544826e-08
"C6orf106",1.53253859231389e-12,-1.02279191937982,0.032,0.223,1.57836149622408e-08
"CDCA7L",1.55631709049896e-12,-4.41720616596811,0.006,0.154,1.60285097150488e-08
"CECR5",1.58158076605789e-12,-1.2650632749045,0.029,0.215,1.62887003096303e-08
"CUEDC2",1.58918595636239e-12,-0.646190814399995,0.087,0.342,1.63670261645763e-08
"BROX",1.59546863035919e-12,-0.569505999397771,0.078,0.327,1.64317314240693e-08
"C7orf55",1.59736365064203e-12,-0.718984191822636,0.052,0.269,1.64512482379622e-08
"GPN3",1.60948657444692e-12,-0.503211126504579,0.032,0.223,1.65761022302289e-08
"CCM2",1.63322712150511e-12,-0.388916217812153,0.116,0.404,1.68206061243811e-08
"AP2B1",1.64102203102802e-12,-0.445165809066628,0.087,0.346,1.69008858975576e-08
"CHMP2A",1.72915012537357e-12,-0.836825335298769,0.289,0.685,1.78085171412224e-08
"ERI3",1.74235103338247e-12,-0.648976058774245,0.066,0.3,1.79444732928061e-08
"CMSS1",1.74759701086709e-12,-1.17157506670384,0.029,0.215,1.79985016149202e-08
"GOSR2",1.77250869099781e-12,-0.767328115958417,0.04,0.242,1.82550670085864e-08
"C11orf68",1.80019144242397e-12,-2.06914870680739,0.006,0.154,1.85401716655244e-08
"C11orf74",1.81401660567844e-12,-2.09108652375445,0.006,0.154,1.86825570218823e-08
"C12orf76",1.83551825168475e-12,-0.886882207802043,0.04,0.242,1.89040024741012e-08
"C11orf31",1.86044195544501e-12,-0.765124787311629,0.303,0.696,1.91606916991281e-08
"BRIX1",1.9030219286773e-12,-0.733320529906958,0.066,0.3,1.95992228434475e-08
"CCT4",1.90735585784839e-12,-0.50713999187198,0.194,0.558,1.96438579799806e-08
"DCBLD1",1.93888617170429e-12,-2.4990223979674,0.009,0.162,1.99685886823825e-08
"BAZ1B",1.97515593184033e-12,-0.875642181020299,0.078,0.323,2.03421309420235e-08
"HMG20B",2.01309755376728e-12,-0.396280669592233,0.095,0.362,2.07328917062492e-08
"ANKRD9",2.04191360119428e-12,-2.15057030817023,0.009,0.162,2.10296681786999e-08
"CREB3L4",2.04191360119428e-12,-2.69697500234361,0.009,0.162,2.10296681786999e-08
"ACSL3",2.07351028400821e-12,-0.710185487537156,0.049,0.262,2.13550824150006e-08
"AGAP1",2.10317777741816e-12,-1.90391158591017,0.009,0.162,2.16606279296296e-08
"FAM192A",2.11782748883752e-12,-0.566133749276823,0.078,0.323,2.18115053075376e-08
"CDK2AP2",2.15722977712288e-12,-0.630417574493487,0.171,0.5,2.22173094745885e-08
"HIP1R",2.15883229386273e-12,-2.28801331728559,0.012,0.169,2.22338137944923e-08
"BTBD2",2.19291362489591e-12,-1.46972692794389,0.02,0.192,2.2584817422803e-08
"ACVR1B",2.21453651831295e-12,-7.71942824012721,0,0.135,2.2807511602105e-08
"AIF1L",2.21453651831295e-12,-8.16021685689446,0,0.135,2.2807511602105e-08
"ARSJ",2.21453651831295e-12,-7.10456223166631,0,0.135,2.2807511602105e-08
"B9D1",2.21453651831295e-12,-7.48810736092365,0,0.135,2.2807511602105e-08
"CBLC",2.21453651831295e-12,-7.84267028399323,0,0.135,2.2807511602105e-08
"FGFBP1",2.21453651831295e-12,-8.25082808344086,0,0.135,2.2807511602105e-08
"C11orf54",2.22882260433927e-12,-1.34711315150161,0.014,0.177,2.29546440020902e-08
"FLOT2",2.22894559967962e-12,-0.598602051582918,0.049,0.262,2.29559107311004e-08
"CTSO",2.24440581430547e-12,-1.9349306435183,0.014,0.177,2.3115135481532e-08
"ALDH18A1",2.30260995632718e-12,-1.58732682303112,0.012,0.169,2.37145799402136e-08
"CEACAM1",2.31915361631129e-12,-1.69388660898176,0.012,0.169,2.388496309439e-08
"EMC1",2.33581384013829e-12,-1.28031687336823,0.012,0.169,2.40565467395843e-08
"BAZ2B",2.37197006597627e-12,-0.597945131784126,0.069,0.304,2.44289197094896e-08
"ANKIB1",2.57547877599715e-12,-0.573691705599986,0.038,0.235,2.65248559139946e-08
"BTG3",2.66408524578634e-12,-0.515204458219084,0.15,0.465,2.74374139463535e-08
"ARL8A",2.7008627273135e-12,-0.642176995749535,0.055,0.273,2.78161852286017e-08
"EIF2AK2",2.75361411442247e-12,-0.40968230457403,0.087,0.342,2.8359471764437e-08
"CBX4",2.86942246182102e-12,-0.807171268538082,0.058,0.277,2.95521819342947e-08
"C7orf73",2.9102567009847e-12,-0.434897992558735,0.197,0.562,2.99727337634414e-08
"CDK12",2.92470903155221e-12,-0.274765265427336,0.064,0.292,3.01215783159562e-08
"ATG3",2.93202448506854e-12,-0.401457194831981,0.11,0.392,3.01969201717209e-08
"COPZ2",2.9906574444175e-12,-4.13090656394466,0.003,0.142,3.08007810200558e-08
"ACVR1",3.03851361408223e-12,-3.26961241347628,0.003,0.142,3.12936517114329e-08
"CTD-2396E7.11",3.03851361408223e-12,-3.39457877947925,0.003,0.142,3.12936517114329e-08
"CDC16",3.0447921316623e-12,-0.921989140925359,0.032,0.219,3.135831416399e-08
"ATG4B",3.10241094477647e-12,-0.407778030208119,0.075,0.315,3.19517303202528e-08
"DAP3",3.13680657227103e-12,-0.332248212736142,0.124,0.419,3.23059708878193e-08
"ARHGAP35",3.19662194074235e-12,-0.877094261330749,0.032,0.219,3.29220093677055e-08
"ACAD8",3.28177689507123e-12,-1.23286952778576,0.029,0.212,3.37990202423386e-08
"DENND4C",3.3411724649257e-12,-1.85950474396748,0.023,0.196,3.44107352162697e-08
"AC009133.12",3.52013444456596e-12,-4.07757599608273,0.006,0.15,3.62538646445848e-08
"ANAPC10",3.64375287535564e-12,-0.589310549722354,0.049,0.258,3.75270108632877e-08
"ANKS1A",3.65711579618964e-12,-3.20058132041313,0.006,0.15,3.76646355849571e-08
"HMOX1",3.68144076983257e-12,-1.74282948140496,0.023,0.196,3.79151584885056e-08
"ARG2",3.71335984434708e-12,-3.16856341424264,0.006,0.15,3.82438930369306e-08
"AIFM2",3.72753979535967e-12,-2.50432623554509,0.006,0.15,3.83899323524093e-08
"EIF2A",3.76132412531623e-12,-0.255224445020079,0.121,0.412,3.87378771666319e-08
"B3GNT8",3.8284039567619e-12,-2.49903904885794,0.006,0.15,3.94287323506908e-08
"BCL2L2",3.85770666061399e-12,-2.53805172804683,0.006,0.15,3.97305208976635e-08
"ANXA6",4.08819475801488e-12,3.71509471418288,0.344,0.138,4.21043178127952e-08
"BCCIP",4.12609772686611e-12,-0.621188775383356,0.049,0.258,4.24946804889941e-08
"GTF3C2",4.18844156838318e-12,-1.20596924038072,0.023,0.196,4.31367597127784e-08
"FEM1C",4.25579689394049e-12,-2.44331728503264,0.009,0.158,4.38304522106931e-08
"AGFG1",4.38158387452411e-12,-1.04957891599102,0.023,0.196,4.51259323237238e-08
"ALDOC",4.38654750131563e-12,-2.4171829676291,0.017,0.181,4.51770527160497e-08
"COTL1",4.42319272491858e-12,3.2919053787709,0.439,0.265,4.55544618739365e-08
"ANKRD17",4.44436165866052e-12,-0.373276171687034,0.072,0.308,4.57724807225447e-08
"GOPC",4.46394604413137e-12,-0.414770936045047,0.058,0.277,4.59741803085089e-08
"DDIT3",4.47505546469784e-12,-0.594638992494274,0.118,0.396,4.6088596230923e-08
"GLB1",4.53723390451378e-12,-1.52427559633503,0.017,0.181,4.67289719825874e-08
"AAGAB",4.55064552658598e-12,-1.5793110672503,0.02,0.188,4.6867098278309e-08
"EFCAB2",4.63006925229694e-12,-1.97020433901105,0.017,0.181,4.76850832294062e-08
"ALG1L",4.73127919568291e-12,-7.9736731454846,0,0.131,4.87274444363383e-08
"ATP8B1",4.73127919568291e-12,-6.79424471720266,0,0.131,4.87274444363383e-08
"CIPC",4.73127919568291e-12,-7.25263505881067,0,0.131,4.87274444363383e-08
"CIT",4.73127919568291e-12,-8.50493400099622,0,0.131,4.87274444363383e-08
"CNKSR3",4.73127919568291e-12,-8.04488483582451,0,0.131,4.87274444363383e-08
"CTTNBP2NL",4.73127919568291e-12,-8.22835791643124,0,0.131,4.87274444363383e-08
"DEPTOR",4.73127919568291e-12,-7.55023647647801,0,0.131,4.87274444363383e-08
"FUT3",4.73127919568291e-12,-7.42465148929889,0,0.131,4.87274444363383e-08
"GALNT14",4.73127919568291e-12,-7.53913533315438,0,0.131,4.87274444363383e-08
"GAS8",4.73127919568291e-12,-7.53184359531786,0,0.131,4.87274444363383e-08
"AQR",4.79669945078802e-12,-1.00029018540036,0.02,0.188,4.94012076436658e-08
"B3GNT5",4.8396814905072e-12,-1.82367151802345,0.012,0.165,4.98438796707337e-08
"HEXA",4.91599008435863e-12,-0.391286170592329,0.104,0.373,5.06297818788096e-08
"CIAO1",4.91796604338791e-12,-0.932232524875709,0.055,0.269,5.06501322808521e-08
"CTB-50L17.10",4.91988982059363e-12,-0.895076150421473,0.017,0.181,5.06699452622938e-08
"ALAD",4.95551381598497e-12,-1.67070347746084,0.014,0.173,5.10368367908292e-08
"BTBD1",5.02459228881926e-12,-1.06277742135903,0.014,0.173,5.17482759825495e-08
"BPHL",5.09461439359962e-12,-1.0816278957992,0.014,0.173,5.24694336396825e-08
"AFTPH",5.16087805936214e-12,-0.443469539515649,0.046,0.25,5.31518831333707e-08
"FAIM",5.18559805734029e-12,-0.931027573003079,0.043,0.242,5.34064743925477e-08
"GAR1",5.39484455652219e-12,-1.34535624039615,0.04,0.235,5.55615040876221e-08
"HMGN3",5.46006919826204e-12,-0.864553656255591,0.283,0.673,5.62332526729007e-08
"DDA1",5.65717409451324e-12,-0.253020601506436,0.087,0.338,5.82632359993919e-08
"ENY2",5.96798802953506e-12,-0.60380842400684,0.28,0.688,6.14643087161815e-08
"HIST1H2AE",6.32423197832249e-12,-4.49793781720219,0.003,0.138,6.51332651447433e-08
"CCDC14",6.4936932868653e-12,-1.12157018277574,0.055,0.265,6.68785471614257e-08
"ASNA1",6.50801554770625e-12,-0.474410199698883,0.13,0.423,6.70260521258266e-08
"DAD1",6.66491688818793e-12,-0.913453498998218,0.327,0.712,6.86419790314475e-08
"DGUOK",6.66605946330344e-12,-0.583328957145492,0.179,0.512,6.86537464125622e-08
"GLIPR2",6.71394716517204e-12,3.97097952527909,0.286,0.081,6.91469418541068e-08
"DGKD",6.86406777220959e-12,-0.407969000419644,0.052,0.262,7.06930339859866e-08
"ACOT9",7.03807452977855e-12,-1.09614210675317,0.029,0.208,7.24851295821892e-08
"ABCF1",7.36343018006925e-12,-0.432284445149274,0.107,0.377,7.58359674245332e-08
"DGCR2",7.70672945935017e-12,-1.44282514491359,0.026,0.2,7.93716067018474e-08
"ACSS2",7.76068760734219e-12,-3.14951056367997,0.006,0.146,7.99273216680172e-08
"ACAT1",7.93832962145179e-12,-0.54324736284356,0.058,0.273,8.1756856771332e-08
"FHIT",7.93977204059125e-12,-2.99871307572445,0.006,0.146,8.17717122460493e-08
"AGBL5",8.00036190476279e-12,-2.32111232680734,0.006,0.146,8.2395727257152e-08
"HCCS",8.00209117424583e-12,-0.70758830697642,0.026,0.2,8.24135370035578e-08
"CHCHD5",8.07372362991721e-12,-0.35232539774129,0.153,0.473,8.31512796645174e-08
"ALG5",8.41167206911875e-12,-0.59123090322598,0.101,0.362,8.6631810639854e-08
"FAM89B",8.72363175944433e-12,-0.40395502678211,0.092,0.346,8.98446834905171e-08
"DHFR",8.74459289754372e-12,-2.39101704311665,0.014,0.169,9.00605622518028e-08
"H3F3B",8.84095661757024e-12,0.546084074256499,0.957,0.946,9.10530122043559e-08
"HIST2H2BE",8.99053593123643e-12,-1.77649617418435,0.02,0.185,9.2593529555804e-08
"GLRX5",9.0225337110846e-12,-0.36539678368218,0.075,0.312,9.29230746904603e-08
"APIP",9.05802395762261e-12,-0.742206753812863,0.038,0.227,9.32885887395552e-08
"CLOCK",9.11225524064183e-12,-2.28052871156093,0.009,0.154,9.38471167233702e-08
"HINT3",9.16891390913009e-12,-1.48664438261257,0.02,0.185,9.44306443501308e-08
"BCL2L12",9.21719599232609e-12,-1.03535625171944,0.038,0.227,9.49279015249664e-08
"CYTH3",9.24682255398084e-12,-1.80520702249832,0.009,0.154,9.52330254834487e-08
"DDX41",9.34326350898904e-12,-0.333979953485211,0.058,0.273,9.62262708790781e-08
"AC007246.3",9.38286597270167e-12,-2.28132660422461,0.012,0.162,9.66341366528545e-08
"ENDOG",9.38286597270167e-12,-2.31301267001367,0.012,0.162,9.66341366528545e-08
"FAM208A",9.51524955013851e-12,-1.36838712543217,0.017,0.177,9.79975551168765e-08
"BRPF3",9.52182397674264e-12,-1.5228517707815,0.009,0.154,9.80652651364724e-08
"FCRL6",9.6301067484761e-12,4.853127506098,0.194,0.015,9.91804694025553e-08
"DDOST",9.75125493337901e-12,-0.457639130365214,0.162,0.485,1.0042817455887e-07
"CCNY",9.88174335370371e-12,-0.698460690570375,0.038,0.227,1.01772074799794e-07
"COX16",9.96936358763693e-12,-1.72785177848521,0.014,0.169,1.02674475589073e-07
"FAM189B",9.97272713963248e-12,-1.2477028226532,0.017,0.177,1.02709116811075e-07
"ANXA7",1.00304916345339e-11,-0.307142602746795,0.147,0.454,1.03304033344065e-07
"ABCC6",1.00874759264822e-11,-7.16186609056196,0,0.127,1.0389091456684e-07
"BCL2L15",1.00874759264822e-11,-7.34406344055818,0,0.127,1.0389091456684e-07
"CDKL2",1.00874759264822e-11,-7.87440446827817,0,0.127,1.0389091456684e-07
"GLIS2",1.00874759264822e-11,-7.77846448597009,0,0.127,1.0389091456684e-07
"FLJ20021",1.02894645107767e-11,-1.19407617032473,0.012,0.162,1.05971194996489e-07
"CD27",1.0479340101831e-11,6.58734752701791,0.185,0.012,1.07926723708757e-07
"AP2A1",1.1114708543299e-11,-0.547453020567862,0.061,0.277,1.14470383287437e-07
"ESF1",1.1543643284345e-11,-0.684593976384595,0.075,0.308,1.18887982185469e-07
"ARL8B",1.16909809931025e-11,-0.579241380652043,0.064,0.285,1.20405413247963e-07
"EIF2S3",1.26004644256181e-11,-0.553824917878344,0.142,0.438,1.29772183119441e-07
"ARMC1",1.31687908646709e-11,-0.883900131342147,0.032,0.212,1.35625377115246e-07
"GUCY1A3",1.34515697315808e-11,-4.12091431279268,0.003,0.135,1.38537716665551e-07
"CFAP97",1.34607346366668e-11,-0.369449764782243,0.078,0.312,1.38632106023031e-07
"CCDC106",1.36658086367831e-11,-3.70916382212853,0.003,0.135,1.40744163150229e-07
"GABRE",1.36658086367831e-11,-3.93572166662122,0.003,0.135,1.40744163150229e-07
"GSTO2",1.3883388358913e-11,-2.73119600618164,0.003,0.135,1.42985016708445e-07
"CRYZ",1.42985311229291e-11,-1.00181158131132,0.038,0.223,1.47260572035047e-07
"HADHB",1.44052412067545e-11,-0.272529726621236,0.127,0.415,1.48359579188365e-07
"GRAP2",1.4573729596672e-11,5.62440752612811,0.176,0.008,1.50094841116125e-07
"CACUL1",1.48439331949534e-11,-0.400303756282094,0.061,0.277,1.52877667974825e-07
"FLII",1.4858665555621e-11,-0.735369613562544,0.049,0.25,1.5302939655734e-07
"GART",1.53024007098195e-11,-0.727811715453323,0.029,0.204,1.57599424910431e-07
"ETV1",1.53467168198905e-11,-3.63240657047055,0.006,0.142,1.58055836528052e-07
"EEA1",1.57743839518847e-11,-1.32678810990375,0.026,0.196,1.62460380320461e-07
"C9orf116",1.63068760007871e-11,-3.26816525358269,0.006,0.142,1.67944515932106e-07
"ALDH1A1",1.65687680281367e-11,-3.44100517026867,0.009,0.15,1.7064174192178e-07
"CELF1",1.71207375708108e-11,-0.484105238887578,0.147,0.454,1.7632647624178e-07
"EVA1C",1.72571209690042e-11,-1.84623027520455,0.02,0.181,1.77731088859775e-07
"HNRNPU",1.74760218342765e-11,-0.430507128157253,0.228,0.6,1.79985548871214e-07
"ACYP2",1.76522607665181e-11,-0.344388377986123,0.04,0.231,1.81800633634369e-07
"ALG8",1.79108886112835e-11,-0.724777151091284,0.038,0.223,1.84464241807609e-07
"HK1",1.80143868472506e-11,-0.795049501149236,0.038,0.223,1.85530170139834e-07
"FUBP3",1.84218052428126e-11,-0.967561364499096,0.023,0.188,1.89726172195727e-07
"CLASRP",1.8969719351806e-11,-1.47270710229128,0.032,0.208,1.9536913960425e-07
"EMC9",1.92374147484933e-11,-1.81729897604276,0.017,0.173,1.98126134494733e-07
"BRMS1L",1.97577407315956e-11,-1.55720490223636,0.017,0.173,2.03484971794703e-07
"CALCOCO2",1.9854435003232e-11,-0.418363402385158,0.101,0.358,2.04480826098287e-07
"AACS",2.00230461184665e-11,-1.47517600117087,0.017,0.173,2.06217351974087e-07
"FBXO45",2.00352991154975e-11,-1.06691473674815,0.009,0.15,2.06343545590509e-07
"CNOT6",2.00431216435845e-11,-0.983930199437873,0.02,0.181,2.06424109807277e-07
"DHX40",2.04375246134114e-11,-0.767398373604762,0.02,0.181,2.10486065993524e-07
"FAM220A",2.06163016450751e-11,-1.73160897457485,0.012,0.158,2.12327290642629e-07
"FBXO4",2.07016636904378e-11,-0.988943104678038,0.017,0.173,2.13206434347819e-07
"CLCN7",2.11118122939541e-11,-0.754247863436873,0.02,0.181,2.17430554815433e-07
"CPSF4",2.1119589228364e-11,-1.5089005256389,0.017,0.173,2.17510649462921e-07
"CHAMP1",2.12065188575601e-11,-1.31633497550595,0.012,0.158,2.18405937714012e-07
"APOOL",2.12771931912103e-11,-1.6342825450634,0.014,0.165,2.19133812676275e-07
"AC007405.6",2.14638902204746e-11,-6.96112246684018,0,0.123,2.21056605380668e-07
"C6orf141",2.14638902204746e-11,-7.49580571892873,0,0.123,2.21056605380668e-07
"GRTP1",2.14638902204746e-11,-7.53936591749019,0,0.123,2.21056605380668e-07
"FAHD2A",2.18345590645034e-11,-1.33680201433172,0.017,0.173,2.24874123805321e-07
"AMZ2",2.19849139040164e-11,-0.415962326944409,0.104,0.362,2.26422628297465e-07
"DLG3",2.21691699981427e-11,-1.1974556181131,0.014,0.165,2.28320281810872e-07
"FAM46A",2.28597236432346e-11,-1.19009517016871,0.066,0.285,2.35432293801673e-07
"HNRNPU-AS1",2.32202857896875e-11,-1.37778477955869,0.029,0.2,2.39145723347991e-07
"CCDC43",2.36055183978721e-11,-0.320816095838334,0.035,0.215,2.43113233979685e-07
"FOXO3",2.43414161367882e-11,-0.287886869158372,0.055,0.262,2.50692244792781e-07
"DDT",2.60663000631726e-11,-0.728757828516128,0.234,0.581,2.68456824350615e-07
"DLG1",2.68882964397845e-11,-0.810207481300008,0.055,0.258,2.76922565033341e-07
"B4GALT3",2.70573472680147e-11,0.320492994806564,0.072,0.3,2.78663619513284e-07
"CBR3",2.81046038355818e-11,-4.4655971302404,0.003,0.131,2.89449314902657e-07
"ECHDC3",2.83270662883703e-11,-4.34313636028532,0.003,0.131,2.91740455703926e-07
"ARHGAP12",2.85105000734185e-11,-1.55112548869148,0.026,0.192,2.93629640256137e-07
"FNDC4",2.90048456429792e-11,-3.26152312108651,0.003,0.131,2.98720905277042e-07
"ABCD4",2.91005581615841e-11,-0.904238440480979,0.046,0.238,2.99706648506155e-07
"BMP1",2.9234279900276e-11,-3.44142461440216,0.003,0.131,3.01083848692942e-07
"EMC6",2.92524592247479e-11,-0.366709621498331,0.168,0.488,3.01271077555678e-07
"ANKRD50",2.94654902069221e-11,-2.86104307625896,0.003,0.131,3.03465083641091e-07
"FDXR",2.94983680450763e-11,-1.2445568945226,0.026,0.192,3.03803692496241e-07
"DUSP14",3.19687368902421e-11,-0.993876867799573,0.026,0.192,3.29246021232603e-07
"FRA10AC1",3.21109591589847e-11,-0.723096866590054,0.046,0.238,3.30710768378383e-07
"EVA1B",3.2166927395682e-11,-1.25170411456338,0.026,0.192,3.31287185248128e-07
"CD82",3.27255445092193e-11,-0.771431474412283,0.069,0.288,3.3704038290045e-07
"ACAP3",3.29074430571799e-11,-1.53400332132375,0.023,0.185,3.38913756045896e-07
"DDX50",3.30099413517826e-11,-0.404437817411192,0.04,0.227,3.39969385982009e-07
"CENPW",3.44470173349857e-11,-3.45404309926865,0.006,0.138,3.54769831533018e-07
"GMFB",3.52733143294798e-11,-0.723684826643465,0.038,0.219,3.63279864279312e-07
"FAM92A1",3.55033655808824e-11,-2.69616344839657,0.006,0.138,3.65649162117508e-07
"FCHO2",3.57723668286215e-11,-2.4829812510427,0.006,0.138,3.68419605967973e-07
"FNTA",3.62844189781625e-11,-0.482949597459891,0.116,0.381,3.73693231056096e-07
"AMFR",3.65037060659167e-11,-0.600775687384656,0.038,0.219,3.75951668772876e-07
"FGD4",3.6591393706311e-11,-1.43311669666499,0.006,0.138,3.76854763781297e-07
"EIF1AX",3.68716813617229e-11,-0.484395677445453,0.269,0.65,3.79741446344385e-07
"FUT8",3.88620668244543e-11,-0.503177166646594,0.046,0.238,4.00240426225055e-07
"ATF1",4.00008626702944e-11,-0.71732194440746,0.052,0.25,4.11968884641362e-07
"CSAD",4.0088721312776e-11,-1.81163209463437,0.017,0.169,4.1287374080028e-07
"BARD1",4.05516375030581e-11,-2.08102201513506,0.009,0.146,4.17641314643996e-07
"DIP2B",4.12109556890620e-11,-2.2092929491628,0.012,0.154,4.2443163264165e-07
"EXOSC5",4.14077659548544e-11,-1.2721487619784,0.032,0.204,4.26458581569045e-07
"GNA12",4.14395875953733e-11,-1.41643780355688,0.017,0.169,4.2678631264475e-07
"CNOT3",4.19923169746071e-11,-1.17139494348752,0.017,0.169,4.32478872521478e-07
"APTR",4.2051170954668e-11,-1.32404669208234,0.009,0.146,4.33085009662125e-07
"CHCHD6",4.24009989237158e-11,-1.08508644556665,0.032,0.204,4.36687887915349e-07
"CAST",4.24473031917441e-11,-0.507650797363175,0.208,0.55,4.37164775571772e-07
"ACADVL",4.31161162346963e-11,-0.588801000240167,0.15,0.442,4.44052881101137e-07
"ANAPC7",4.40468728535422e-11,-0.995908825870364,0.014,0.162,4.53638743518631e-07
"HIF1AN",4.42092702410528e-11,-1.47249173291903,0.012,0.154,4.55311274212602e-07
"EFHC1",4.43261657012136e-11,-1.15497483239287,0.032,0.204,4.56515180556798e-07
"AKAP9",4.54375431905289e-11,-0.727258843487636,0.223,0.565,4.67961257319257e-07
"ANKRD22",4.55796598036044e-11,-6.91312824162981,0,0.119,4.69424916317322e-07
"ARHGAP5-AS1",4.55796598036044e-11,-7.69244015350458,0,0.119,4.69424916317322e-07
"ASAP2",4.55796598036044e-11,-7.03401639029314,0,0.119,4.69424916317322e-07
"CAPN13",4.55796598036044e-11,-8.44229313401514,0,0.119,4.69424916317322e-07
"CDC42EP2",4.55796598036044e-11,-7.11138395399025,0,0.119,4.69424916317322e-07
"DNAH11",4.55796598036044e-11,-7.99691631205071,0,0.119,4.69424916317322e-07
"FAM135A",4.55796598036044e-11,-7.36203061810597,0,0.119,4.69424916317322e-07
"FAM178B",4.55796598036044e-11,-7.07412199125594,0,0.119,4.69424916317322e-07
"FILIP1",4.55796598036044e-11,-8.36034845446233,0,0.119,4.69424916317322e-07
"HOXB-AS3",4.55796598036044e-11,-9.79193095252623,0,0.119,4.69424916317322e-07
"AARS",4.77269950220733e-11,-0.960508870403899,0.032,0.204,4.91540321732333e-07
"GSK3A",5.70499649615725e-11,-0.756463290884037,0.04,0.223,5.87557589139235e-07
"AZGP1",5.81427123016959e-11,-5.34294975976509,0.003,0.127,5.98811793995166e-07
"FSTL3",6.00013488141837e-11,-4.36043625439134,0.003,0.127,6.17953891437278e-07
"ACHE",6.04750137193578e-11,-3.98072459938512,0.003,0.127,6.22832166295666e-07
"CUL7",6.1433341320184e-11,-3.32513483891656,0.003,0.127,6.32701982256575e-07
"FAM20C",6.1433341320184e-11,-3.54548998430595,0.003,0.127,6.32701982256575e-07
"CDK10",6.17671689047275e-11,-0.338071225688587,0.058,0.262,6.36140072549789e-07
"BAMBI",6.19180593500287e-11,-3.76233635694287,0.003,0.127,6.37694093245946e-07
"CX3CL1",6.19180593500287e-11,-3.07713795270441,0.003,0.127,6.37694093245946e-07
"GAB1",6.19180593500287e-11,-3.38909424472628,0.003,0.127,6.37694093245946e-07
"HLTF",6.22153659145684e-11,-1.17816979461301,0.026,0.188,6.4075605355414e-07
"CD3EAP",6.24065174279912e-11,-2.13351759762107,0.003,0.127,6.42724722990882e-07
"CPNE8",6.24065174279912e-11,-3.32308049889967,0.003,0.127,6.42724722990882e-07
"GPCPD1",6.45538260972739e-11,-1.14964499884823,0.046,0.235,6.64839854975824e-07
"BRCC3",6.49461618477359e-11,-0.933904951707809,0.026,0.188,6.68880520869831e-07
"EHD4",6.53415297215210e-11,-0.537724187948697,0.055,0.254,6.72952414601945e-07
"ATP5SL",6.66834323048511e-11,-0.819994958843581,0.046,0.235,6.86772669307661e-07
"C6orf48",6.68497450556154e-11,-0.860954174748922,0.37,0.715,6.88485524327783e-07
"CRYL1",6.7369782006281e-11,-1.37794558117419,0.043,0.227,6.93841384882688e-07
"CD6",6.73704499789102e-11,5.09617146962626,0.188,0.019,6.93848264332796e-07
"DYNLT3",6.76985994499937e-11,-0.53113132409806,0.087,0.319,6.97227875735485e-07
"FKBP1A",6.80935244733665e-11,-0.678794256954594,0.306,0.704,7.01295208551201e-07
"AZI2",6.94406376190241e-11,-0.533195009877638,0.061,0.265,7.15169126838329e-07
"DBN1",7.07640065692104e-11,-0.704568828797684,0.026,0.188,7.28798503656298e-07
"AP3S1",7.1309500512619e-11,-0.36226993271834,0.205,0.558,7.34416545779463e-07
"CCT7",7.24714975427131e-11,-0.607829341790536,0.171,0.477,7.46383953192402e-07
"DAGLB",7.3149698179108e-11,-2.84591065478259,0.006,0.135,7.53368741546634e-07
"HDAC11",7.3149698179108e-11,-2.79024043562092,0.006,0.135,7.53368741546634e-07
"FTSJ3",7.36441576168413e-11,-1.41564059282112,0.02,0.173,7.58461179295848e-07
"GPSM2",7.53840970564003e-11,-1.98221826898378,0.006,0.135,7.76380815583867e-07
"FZR1",7.5561463133159e-11,-1.74684779402523,0.02,0.173,7.78207508808404e-07
"ALG2",7.57139472854314e-11,-0.915364184119134,0.035,0.208,7.79777943092658e-07
"GRAMD4",7.5953043355084e-11,-2.2293544788318,0.006,0.135,7.82240393514011e-07
"BAG1",7.65760796609202e-11,-0.487025416500913,0.185,0.504,7.88657044427817e-07
"AFG3L2",7.6592767274138e-11,-0.628980621582385,0.035,0.208,7.88828910156348e-07
"ATP13A2",7.74814050355469e-11,-0.855620875978657,0.035,0.208,7.97980990461097e-07
"ATPAF2",7.75275539644846e-11,-1.57006450775568,0.02,0.173,7.98456278280227e-07
"GPN2",7.7811474265527e-11,-0.92845636681775,0.023,0.181,8.01380373460662e-07
"ARHGEF10",7.78477975044633e-11,-2.89162032716236,0.009,0.142,8.01754466498468e-07
"GNA15",7.82998958483347e-11,-0.712978227219245,0.023,0.181,8.06410627341999e-07
"HIST1H2BG",8.0472928764507e-11,-2.14961799953235,0.014,0.158,8.28790693345657e-07
"C16orf58",8.16330856916851e-11,-1.60806241252188,0.017,0.165,8.40739149538665e-07
"BORCS7",8.17256866345983e-11,-0.318929704882697,0.092,0.331,8.41692846649728e-07
"EXOC5",8.20780345221447e-11,-0.649377850883941,0.035,0.208,8.45321677543569e-07
"CXorf56",8.24060266228828e-11,-1.76889340830686,0.014,0.158,8.4869966818907e-07
"GNL2",8.28193543629854e-11,-0.54057771481175,0.052,0.246,8.52956530584387e-07
"CHCHD2",8.30643255001476e-11,-1.64674650097938,0.734,0.865,8.5547948832602e-07
"ACTR1A",8.3128543752403e-11,-0.40618227571381,0.075,0.296,8.56140872105998e-07
"CRIM1",8.32489855659132e-11,-1.95072533269171,0.014,0.158,8.5738130234334e-07
"DNAJB12",8.37677406745457e-11,-0.714026557558286,0.064,0.269,8.62723961207146e-07
"APOO",8.53559124705971e-11,-1.10953160746454,0.02,0.173,8.7908054253468e-07
"CLDN15",8.67737131417628e-11,-2.11859321047762,0.009,0.142,8.93682471647015e-07
"BCL10",8.74205312409266e-11,-0.764261590961667,0.043,0.227,9.00344051250303e-07
"CRYZL1",8.93488293089992e-11,-0.519245610647164,0.052,0.246,9.20203593053383e-07
"CASK",9.04185122134835e-11,-0.562702955457059,0.02,0.173,9.31220257286667e-07
"FN3KRP",9.53132203739426e-11,-0.29468364837721,0.035,0.208,9.81630856631235e-07
"AFAP1-AS1",9.660201992902e-11,-6.58974321027928,0,0.115,9.94904203248977e-07
"BCAR3",9.660201992902e-11,-6.95568053950357,0,0.115,9.94904203248977e-07
"CD163L1",9.660201992902e-11,-7.69586144591287,0,0.115,9.94904203248977e-07
"CRYBG3",9.660201992902e-11,-6.46832902165876,0,0.115,9.94904203248977e-07
"DBNDD1",9.660201992902e-11,-7.22144619283592,0,0.115,9.94904203248977e-07
"DNM3",9.660201992902e-11,-8.13520168969105,0,0.115,9.94904203248977e-07
"ERLIN1",9.660201992902e-11,-6.75959873943441,0,0.115,9.94904203248977e-07
"FAXDC2",9.660201992902e-11,-8.31294646916144,0,0.115,9.94904203248977e-07
"HDHD3",9.66321492087459e-11,-0.373955868631961,0.052,0.246,9.95214504700874e-07
"ARMT1",9.96495565163099e-11,-1.22879397771107,0.038,0.212,1.02629078256148e-06
"EIF1AD",9.98923716157540e-11,-0.683693376841016,0.032,0.2,1.02879153527065e-06
"GPAA1",1.00606552850246e-10,-0.364138999089108,0.136,0.415,1.03614688780468e-06
"C21orf2",1.12249750211861e-10,-0.49409898117603,0.049,0.238,1.15606017743196e-06
"GPAT4",1.14123134846811e-10,-0.84024632629454,0.038,0.212,1.17535416578731e-06
"ERV3-1",1.19031403070312e-10,-1.07041760281703,0.058,0.254,1.22590442022114e-06
"EHBP1L1",1.21425548605509e-10,-0.755597081124852,0.038,0.212,1.25056172508814e-06
"COPS6",1.23060682096032e-10,-0.700507551590727,0.211,0.531,1.26740196490703e-06
"C16orf54",1.23062258513277e-10,5.17990873856878,0.171,0.012,1.26741820042824e-06
"CAMK1D",1.23206246217409e-10,-1.36794805623048,0.035,0.204,1.26890112979309e-06
"ADGRG6",1.27831445577532e-10,-4.01360528163614,0.003,0.123,1.316536058003e-06
"CAMSAP2",1.27831445577532e-10,-4.24443348399521,0.003,0.123,1.316536058003e-06
"BCAT2",1.29183778586672e-10,-0.604453481909356,0.038,0.212,1.33046373566413e-06
"ERP27",1.29851904033494e-10,-3.7074485274629,0.003,0.123,1.33734475964095e-06
"AMN",1.30873804335071e-10,-3.10841616121774,0.003,0.123,1.34786931084689e-06
"DHX32",1.30873804335071e-10,-3.52630868773034,0.003,0.123,1.34786931084689e-06
"CCHCR1",1.31903563253375e-10,-2.99703153605434,0.003,0.123,1.35847479794651e-06
"DIRC2",1.31903563253375e-10,-2.95448634198321,0.003,0.123,1.35847479794651e-06
"FERMT1",1.31903563253375e-10,-2.5084125259297,0.003,0.123,1.35847479794651e-06
"FKBPL",1.31903563253375e-10,-2.58089236386972,0.003,0.123,1.35847479794651e-06
"ATL2",1.33042748292773e-10,-1.07435768273325,0.026,0.185,1.37020726466727e-06
"CPNE1",1.34438615287207e-10,-0.3997853225581,0.139,0.415,1.38458329884295e-06
"CBFA2T2",1.37393472874155e-10,-1.51642819100743,0.023,0.177,1.41501537713093e-06
"C1orf123",1.40932260134613e-10,-0.4397540973277,0.095,0.331,1.45146134712638e-06
"ANXA5",1.4512507352071e-10,-0.34255471702458,0.254,0.623,1.49464313218979e-06
"COQ6",1.48049741157363e-10,-1.16135295629409,0.023,0.177,1.52476428417968e-06
"COA1",1.51367628592205e-10,-0.410933163966449,0.118,0.377,1.55893520687112e-06
"C1S",1.57316322466934e-10,-2.9682147425356,0.006,0.131,1.62020080508695e-06
"CITED4",1.59690916685684e-10,-2.61713543743347,0.006,0.131,1.64465675094586e-06
"CEBPA",1.66220283052938e-10,-3.06218573279958,0.009,0.138,1.71190269516221e-06
"ATG10",1.70108305289271e-10,-1.59964948320418,0.017,0.162,1.7519454361742e-06
"BRAT1",1.74617114251314e-10,-1.32354435084164,0.017,0.162,1.79838165967428e-06
"EHMT2",1.76807388945326e-10,-1.05218666498747,0.032,0.196,1.82093929874791e-06
"CDC5L",1.80024766783475e-10,-0.350201300589614,0.107,0.354,1.854075073103e-06
"FHOD1",1.81601213945216e-10,-1.11536336698179,0.017,0.162,1.87031090242178e-06
"ALYREF",1.83175720530331e-10,-0.840330468947428,0.02,0.169,1.88652674574188e-06
"CHCHD3",1.83291636465506e-10,-0.405585851771495,0.066,0.273,1.88772056395824e-06
"GPR137",1.84578610795865e-10,-1.43276601343454,0.014,0.154,1.90097511258662e-06
"HBS1L",1.85194639847925e-10,-0.999268187618663,0.017,0.162,1.90731959579378e-06
"APPL1",1.89515835691224e-10,-0.365306772072649,0.061,0.262,1.95182359178392e-06
"ANKRD40",1.90419724122021e-10,-0.660860748736988,0.04,0.215,1.9611327387327e-06
"AP4S1",1.90545364560797e-10,-1.25898448021518,0.012,0.146,1.96242670961164e-06
"BCOR",1.92177951772814e-10,-1.04992392983037,0.014,0.154,1.97924072530822e-06
"AGT",2.04348186243558e-10,-7.89496854162597,0,0.112,2.1045819701224e-06
"ARNT2",2.04348186243558e-10,-7.2506034784214,0,0.112,2.1045819701224e-06
"CLDN9",2.04348186243558e-10,-7.51607900336259,0,0.112,2.1045819701224e-06
"CTA-293F17.1",2.04348186243558e-10,-7.17651520245315,0,0.112,2.1045819701224e-06
"FKBP10",2.04348186243558e-10,-7.99054452590038,0,0.112,2.1045819701224e-06
"GALNT18",2.04348186243558e-10,-8.16142139734318,0,0.112,2.1045819701224e-06
"GLB1L2",2.04348186243558e-10,-6.78122830902348,0,0.112,2.1045819701224e-06
"GNAI1",2.04348186243558e-10,-7.78180424896431,0,0.112,2.1045819701224e-06
"GPX8",2.04348186243558e-10,-6.81410493934714,0,0.112,2.1045819701224e-06
"HMGA2",2.04348186243558e-10,-7.04652166866739,0,0.112,2.1045819701224e-06
"HNF1B",2.04348186243558e-10,-7.26755398487453,0,0.112,2.1045819701224e-06
"HOXB6",2.04348186243558e-10,-7.81620076388182,0,0.112,2.1045819701224e-06
"ACP1",2.09885078972153e-10,-0.470805850464807,0.223,0.562,2.1616064283342e-06
"CBWD1",2.11360700758731e-10,-1.14383538456827,0.029,0.188,2.17680385711417e-06
"ARPP19",2.17292874607559e-10,-0.429573334315214,0.159,0.45,2.23789931558325e-06
"ADRM1",2.21269352166881e-10,-0.527719810019907,0.225,0.569,2.2788530579667e-06
"DHX30",2.22567644492798e-10,-0.601024455115574,0.046,0.227,2.29222417063133e-06
"FAM91A1",2.22934172790581e-10,-0.77775420119937,0.029,0.188,2.29599904557019e-06
"CFAP20",2.23863010710144e-10,-0.257342534510838,0.069,0.277,2.30556514730378e-06
"GNG11",2.32395632760508e-10,-4.92454686392274,0.012,0.142,2.39344262180048e-06
"FAM222B",2.43612494352485e-10,-0.687361030834342,0.029,0.188,2.50896507933625e-06
"COMMD9",2.50444225288289e-10,-0.418752226518844,0.061,0.258,2.57932507624409e-06
"COMMD3",2.50894329647258e-10,-0.667886728169046,0.087,0.308,2.58396070103711e-06
"EDIL3",2.5729430986363e-10,-5.16587965883867,0.003,0.119,2.64987409728552e-06
"ATF4",2.57628665450777e-10,-0.68580311876926,0.318,0.669,2.65331762547755e-06
"CDK18",2.61354746602558e-10,-4.54696429298572,0.003,0.119,2.69169253525975e-06
"HLA-G",2.65477742607939e-10,-4.85652722374184,0.003,0.119,2.73415527111916e-06
"DGAT1",2.67334274330998e-10,-1.31388933738608,0.023,0.173,2.75327569133495e-06
"AZIN1-AS1",2.71781593816821e-10,-3.6025403735096,0.003,0.119,2.79907863471944e-06
"EFEMP2",2.71781593816821e-10,-3.63596386760128,0.003,0.119,2.79907863471944e-06
"APOL1",2.74031728440725e-10,-1.4665728076531,0.023,0.173,2.82225277121103e-06
"ARFGEF1",2.77868580927662e-10,-0.445907335187889,0.038,0.208,2.86176851497399e-06
"CHERP",2.78165918888373e-10,-0.769001543195888,0.046,0.227,2.86483079863135e-06
"ARMC8",2.83347019075693e-10,-0.86177586803673,0.035,0.2,2.91819094946057e-06
"BOP1",2.86552207881471e-10,-0.674513293639766,0.026,0.181,2.95120118897127e-06
"DPP3",2.90025753675203e-10,-0.512565115476165,0.026,0.181,2.98697523710091e-06
"DDX23",2.987265253534e-10,-0.827709259216425,0.064,0.262,3.07658448461466e-06
"CHD9",3.00379602902862e-10,-0.416521070045827,0.133,0.396,3.09360953029657e-06
"CDK5RAP1",3.1390180029779e-10,-0.887425348194932,0.023,0.173,3.23287464126694e-06
"CXCR3",3.20911763336546e-10,5.44661734163293,0.165,0.012,3.30507025060309e-06
"BDH1",3.21735945174884e-10,-0.32196928112099,0.023,0.173,3.31355849935613e-06
"CCDC50",3.34588938814523e-10,-1.04170797203039,0.032,0.192,3.44593148085077e-06
"ARRDC3",3.352265937754e-10,-0.741784397568445,0.095,0.323,3.45249868929285e-06
"CH17-340M24.3",3.36359736986552e-10,-1.05448347676003,0.04,0.212,3.4641689312245e-06
"DDI2",3.38203878061468e-10,-0.885639632548191,0.04,0.212,3.48316174015506e-06
"CDR2L",3.40027320766596e-10,-1.90353606273493,0.006,0.127,3.50194137657517e-06
"ARHGAP44",3.4147540278709e-10,-2.7989029317241,0.009,0.135,3.51685517330424e-06
"CARHSP1",3.52408180466676e-10,-0.51974084870662,0.179,0.469,3.62945185062629e-06
"BRD8",3.61633180557151e-10,-2.22236913000253,0.009,0.135,3.7244601265581e-06
"DENND6B",3.66851413733373e-10,-1.97795083448815,0.009,0.135,3.77820271004001e-06
"CDK5",3.67257265400974e-10,-1.05171874125111,0.017,0.158,3.78238257636463e-06
"C22orf29",3.69488024756526e-10,-2.28535942891072,0.009,0.135,3.80535716696746e-06
"EPT1",3.69488024756526e-10,-1.73673691397591,0.009,0.135,3.80535716696746e-06
"CCDC53",3.69941616003496e-10,-0.388917846363291,0.069,0.273,3.81002870322e-06
"FADS1",3.72053745674485e-10,-1.17786066119764,0.017,0.158,3.83178152670152e-06
"CLCC1",3.80565606722791e-10,-1.67090824737134,0.012,0.142,3.91944518363803e-06
"C9orf69",3.86371116140926e-10,-1.20537299150111,0.014,0.15,3.9792361251354e-06
"C11orf71",3.88961042960062e-10,-1.41539074826591,0.014,0.15,4.00590978144568e-06
"CHD7",3.90608600634246e-10,-1.17669803382745,0.029,0.185,4.0228779779321e-06
"BIVM",3.99405079805704e-10,-1.27174147038707,0.012,0.142,4.11347291691894e-06
"AFF1",3.99490218845951e-10,-0.889774072517491,0.014,0.15,4.11434976389445e-06
"EIF2B5",4.1162537941372e-10,-0.725284884390375,0.052,0.235,4.23932978258191e-06
"BMP2K",4.31462580989286e-10,-6.76777013373775,0,0.108,4.44363312160866e-06
"C6orf223",4.31462580989286e-10,-6.92657977714499,0,0.108,4.44363312160866e-06
"CAMSAP3",4.31462580989286e-10,-7.68768643301078,0,0.108,4.44363312160866e-06
"CNNM4",4.31462580989286e-10,-7.52634834987049,0,0.108,4.44363312160866e-06
"CYP4X1",4.31462580989286e-10,-7.21104987744621,0,0.108,4.44363312160866e-06
"EPB41L4B",4.31462580989286e-10,-6.49718832654817,0,0.108,4.44363312160866e-06
"FAM83H-AS1",4.31462580989286e-10,-6.69077082720583,0,0.108,4.44363312160866e-06
"GPR37",4.31462580989286e-10,-7.38305133532421,0,0.108,4.44363312160866e-06
"CTSF",4.3167475130469e-10,-1.28203017581044,0.029,0.185,4.445818263687e-06
"FBXO28",4.40802830544208e-10,-1.2497945206023,0.038,0.204,4.5398283517748e-06
"COLGALT1",4.60461637134682e-10,-0.508999296441144,0.029,0.185,4.74229440085009e-06
"GPANK1",5.07374738096964e-10,-0.633739292686062,0.058,0.246,5.22545242766063e-06
"GRIPAP1",5.1179934389824e-10,-0.422715325616782,0.038,0.204,5.27102144280797e-06
"FOXK1",5.3489860353654e-10,-0.497013727517448,0.038,0.204,5.50892071782283e-06
"ACBD6",5.39019207732018e-10,-0.728523156853041,0.069,0.269,5.55135882043205e-06
"FAHD1",5.58024614115806e-10,-0.919713940941742,0.026,0.177,5.74709550077868e-06
"ERAL1",5.64736573400674e-10,-0.328797827467248,0.026,0.177,5.81622196945354e-06
"GOLGA7B",5.67736470141513e-10,-4.53464603167852,0.003,0.115,5.84711790598744e-06
"DNAJC30",5.70602265814827e-10,-0.819639035991814,0.043,0.215,5.8766327356269e-06
"BCAS1",5.76661969802207e-10,-3.63888375337295,0.003,0.115,5.93904162699293e-06
"CTD-2270L9.4",5.76661969802207e-10,-3.93674497043383,0.003,0.115,5.93904162699293e-06
"FAM127C",5.76661969802207e-10,-3.35050981556328,0.003,0.115,5.93904162699293e-06
"ATP2C2",5.81175917779108e-10,-3.6280941283834,0.003,0.115,5.98553077720704e-06
"CCDC85C",5.81175917779108e-10,-3.28247863419876,0.003,0.115,5.98553077720704e-06
"EFTUD2",5.81911526709897e-10,-0.275004067170454,0.061,0.254,5.99310681358523e-06
"GMNN",5.82900235726578e-10,-0.792841901804754,0.043,0.215,6.00328952774802e-06
"GK",5.85724336561216e-10,-2.64159514807507,0.003,0.115,6.03237494224397e-06
"AHSA2",5.93518372691781e-10,-1.50352073866249,0.02,0.162,6.11264572035266e-06
"GMDS",6.16179319028467e-10,-1.50959288464519,0.055,0.235,6.34603080667418e-06
"ECI2",6.2177031667006e-10,-0.346064357080699,0.058,0.246,6.40361249138495e-06
"ABCE1",6.24853485116498e-10,-0.328174895589784,0.058,0.246,6.43536604321481e-06
"CD160",6.25009278769226e-10,7.23206533126906,0.145,0.004,6.43697056204426e-06
"H6PD",6.46704998988718e-10,-0.48690525015617,0.035,0.196,6.66041478458481e-06
"ADNP",6.49133860425725e-10,-0.391740585976461,0.081,0.292,6.68542962852455e-06
"ARHGAP21",6.50910095789962e-10,-3.79121135136315,0.006,0.123,6.70372307654082e-06
"CD96",6.58163954215705e-10,3.83448927810543,0.231,0.058,6.77843056446755e-06
"CCL2",6.60679026264055e-10,-3.81100668422573,0.023,0.165,6.80433329149351e-06
"D2HGDH",6.64599938945513e-10,-1.06595511453233,0.02,0.162,6.84471477119984e-06
"ETV7",6.65603404696291e-10,-3.19971947213542,0.006,0.123,6.8550494649671e-06
"EIF2B4",6.69372106420558e-10,-0.385912802518865,0.043,0.215,6.89386332402532e-06
"ANO9",6.70572703750992e-10,-2.79664287675363,0.006,0.123,6.90622827593146e-06
"FANCL",6.70572703750992e-10,-3.27904380762811,0.006,0.123,6.90622827593146e-06
"GAS2L1",6.80620122251057e-10,-2.54986727564229,0.006,0.123,7.00970663906364e-06
"ADSSL1",6.95967176030874e-10,-2.70040237321898,0.006,0.123,7.16776594594198e-06
"DTX3L",7.06479559057073e-10,-0.561675466632193,0.049,0.227,7.27603297872879e-06
"GATAD2A",7.10130741636561e-10,-0.321451340910274,0.049,0.227,7.31363650811495e-06
"ANKLE2",7.160506741811e-10,-0.306016747599809,0.064,0.258,7.37460589339115e-06
"DMWD",7.26149557731098e-10,-1.01571048922092,0.017,0.154,7.47861429507258e-06
"HNRNPH2",7.33781549171022e-10,-0.366440870532439,0.101,0.331,7.55721617491236e-06
"AK3",7.41307583192647e-10,-0.673231129497407,0.066,0.262,7.63472679930107e-06
"ENG",7.42753451691506e-10,-2.29208721617268,0.012,0.138,7.64961779897082e-06
"FAM217B",7.75147483415826e-10,-1.15143805296296,0.038,0.2,7.98324393169959e-06
"ATAD3B",7.79756371993237e-10,-1.32367011233764,0.014,0.146,8.03071087515835e-06
"C19orf43",8.03712624690949e-10,1.05446830895998,0.642,0.646,8.27743632169209e-06
"ARV1",8.041733951159e-10,-1.04125252660609,0.029,0.181,8.28218179629865e-06
"DNAJC25",8.06064787021028e-10,-0.939535747777021,0.014,0.146,8.30166124152956e-06
"CCNYL1",8.27733041387154e-10,-0.827453495931349,0.014,0.146,8.5248225932463e-06
"AASDH",8.32576746425202e-10,-0.889921801947408,0.038,0.2,8.57470791143315e-06
"ARFRP1",8.63227644093845e-10,-0.290379621126294,0.078,0.285,8.89038150652251e-06
"C6orf47",8.64768340202831e-10,-0.51860298880465,0.04,0.208,8.90624913574896e-06
"HIRIP3",8.65197917337393e-10,-0.747025405387128,0.038,0.2,8.91067335065781e-06
"ARSA",8.72503042885032e-10,-0.961737136689392,0.029,0.181,8.98590883867294e-06
"C2orf76",9.00539483477986e-10,-1.33023004852627,0.026,0.173,9.27465614033978e-06
"CDC42EP5",9.09333350970412e-10,-7.50149112471308,0,0.104,9.36522418164427e-06
"CHL1",9.09333350970412e-10,-6.9308969389592,0,0.104,9.36522418164427e-06
"COL27A1",9.09333350970412e-10,-7.38438929613111,0,0.104,9.36522418164427e-06
"DOCK4",9.09333350970412e-10,-7.66980062131033,0,0.104,9.36522418164427e-06
"DOCK6",9.09333350970412e-10,-6.88208734712489,0,0.104,9.36522418164427e-06
"ENKD1",9.09333350970412e-10,-7.48964798446101,0,0.104,9.36522418164427e-06
"FOXJ1",9.09333350970412e-10,-7.95825696054551,0,0.104,9.36522418164427e-06
"GGTLC1",9.09333350970412e-10,-8.92818153305064,0,0.104,9.36522418164427e-06
"ENOSF1",9.29119071738901e-10,-0.694008186463042,0.038,0.2,9.56899731983894e-06
"CMC1",9.523750553138e-10,3.21669704262301,0.46,0.35,9.80851069467682e-06
"HGSNAT",9.59686664992519e-10,-0.311378866797041,0.084,0.296,9.88381296275795e-06
"CCNT2",9.84640939143105e-10,-0.837563995770542,0.026,0.173,1.01408170322348e-05
"GATA3",1.01077871319459e-09,5.86036213275575,0.171,0.019,1.04100099671911e-05
"GRPEL1",1.05315934220986e-09,-0.263628214468111,0.092,0.315,1.08464880654194e-05
"DEAF1",1.05739232258119e-09,-0.934172641511814,0.026,0.173,1.08900835302636e-05
"ATP13A3",1.1034714173066e-09,-0.676280051440177,0.035,0.192,1.13646521268407e-05
"B3GNT7",1.11326864566864e-09,-0.302736335127712,0.043,0.212,1.14655537817414e-05
"FN1",1.11989055312803e-09,-1.08771073166323,0.055,0.231,1.15337528066655e-05
"EPN3",1.1745304694781e-09,-4.27334258370189,0.003,0.112,1.20964893051549e-05
"FERMT3",1.19855847658558e-09,5.05409098789018,0.182,0.027,1.23439537503549e-05
"ARMCX2",1.20226741443408e-09,-3.31051825115053,0.003,0.112,1.23821521012566e-05
"ATP6AP2",1.20347760756973e-09,-0.392842877247161,0.199,0.508,1.23946158803607e-05
"DOCK5",1.21058580146087e-09,-1.39636091061737,0.02,0.158,1.24678231692455e-05
"ENPP5",1.21165418481537e-09,-3.63425935201049,0.003,0.112,1.24788264494135e-05
"B4GALNT3",1.22111238812019e-09,-3.48733526111383,0.003,0.112,1.25762364852499e-05
"GPR157",1.22111238812019e-09,-2.57917551715706,0.003,0.112,1.25762364852499e-05
"CHML",1.23064255312657e-09,-1.55375567039264,0.003,0.112,1.26743876546506e-05
"CLDN23",1.23064255312657e-09,-2.01933422473675,0.003,0.112,1.26743876546506e-05
"ENC1",1.24578128792513e-09,-0.406438004943418,0.064,0.254,1.28303014843409e-05
"CSTF3",1.32217785664984e-09,-1.78390952738359,0.029,0.177,1.36171097456367e-05
"ESAM",1.32986553489257e-09,-3.97462825778594,0.006,0.119,1.36962851438586e-05
"DOHH",1.3679635584882e-09,-0.634014938984464,0.04,0.204,1.408865668887e-05
"DIS3L2",1.38201693826953e-09,-0.541401049406921,0.032,0.185,1.42333924472379e-05
"ATP5G3",1.39125009529347e-09,-0.763504854265861,0.425,0.75,1.43284847314274e-05
"ADCY9",1.40067595396305e-09,-3.17562371575598,0.006,0.119,1.44255616498654e-05
"CHMP6",1.41367611093462e-09,-0.689059988419998,0.032,0.185,1.45594502665156e-05
"C1GALT1C1",1.41768015506569e-09,-1.01832785756134,0.032,0.185,1.46006879170215e-05
"BORCS8",1.42778593920028e-09,-0.500923674718207,0.04,0.204,1.47047673878236e-05
"EXD3",1.43213620115244e-09,-2.46054751682556,0.006,0.119,1.4749570735669e-05
"FSTL1",1.46168294004942e-09,-2.89596151026701,0.009,0.127,1.5053872599569e-05
"C11orf80",1.464284783e-09,-1.89110158079864,0.006,0.119,1.5080668980117e-05
"CCDC71",1.464284783e-09,-2.20511473377575,0.006,0.119,1.5080668980117e-05
"FXR2",1.47515646197636e-09,-1.55962422630516,0.006,0.119,1.51926364018946e-05
"CAPN5",1.48610679642613e-09,-1.91491366347336,0.006,0.119,1.53054138963927e-05
"BUD31",1.48846367003652e-09,-0.708856162565486,0.306,0.646,1.53296873377061e-05
"GPNMB",1.49703958878461e-09,-1.28846361112775,0.017,0.15,1.54180107248927e-05
"DLG5",1.54566805250658e-09,-0.970713219956403,0.017,0.15,1.59188352727653e-05
"CD99L2",1.54705992801917e-09,-2.19368695198169,0.009,0.127,1.59331701986694e-05
"DEGS2",1.54705992801917e-09,-2.33415718700454,0.009,0.127,1.59331701986694e-05
"DMXL2",1.58031336045643e-09,-2.14600972846411,0.009,0.127,1.62756472993408e-05
"GBE1",1.58076152337914e-09,-1.9304824118533,0.012,0.135,1.62802629292818e-05
"ANKRD42",1.61896696471937e-09,-1.92141516086426,0.012,0.135,1.66737407696448e-05
"ARFIP1",1.62860454300805e-09,-0.901966908946154,0.029,0.177,1.67729981884399e-05
"CD320",1.65934996834287e-09,-0.507490304277264,0.098,0.319,1.70896453239633e-05
"DHRS13",1.66942315230177e-09,-1.2754015139579,0.012,0.135,1.71933890455559e-05
"DVL1",1.66942315230177e-09,-1.51328860792848,0.012,0.135,1.71933890455559e-05
"DDX55",1.74535823023637e-09,-0.945501162469195,0.029,0.177,1.79754444132044e-05
"ATP5S",1.8426831224813e-09,-0.454668523147813,0.046,0.215,1.89777934784349e-05
"ETAA1",1.9130688970096e-09,-7.46397033115168,0,0.1,1.97026965703018e-05
"ANO10",1.91307664008227e-09,-7.04474789659833,0,0.1,1.97027763162073e-05
"ARHGEF17",1.91307664008227e-09,-6.67863209863194,0,0.1,1.97027763162073e-05
"BTC",1.91307664008227e-09,-6.25706569218853,0,0.1,1.97027763162073e-05
"CTSV",1.91307664008227e-09,-7.58284958244708,0,0.1,1.97027763162073e-05
"DOCK1",1.91307664008227e-09,-6.92696930572645,0,0.1,1.97027763162073e-05
"FAM198B",1.91307664008227e-09,-7.36084267908237,0,0.1,1.97027763162073e-05
"FKBP7",1.91307664008227e-09,-7.57661279831918,0,0.1,1.97027763162073e-05
"GALNT5",1.91307664008227e-09,-7.17855825000218,0,0.1,1.97027763162073e-05
"ERF",1.92769851101086e-09,-0.910809014853278,0.026,0.169,1.98533669649008e-05
"CEBPB",2.00213988385646e-09,-0.257216827027937,0.211,0.535,2.06200386638377e-05
"CPSF2",2.08333959468938e-09,-0.678645437638141,0.043,0.208,2.1456314485706e-05
"CSNK2B",2.1229248860639e-09,-0.489895893739253,0.283,0.646,2.18640034015721e-05
"CEP104",2.23319181716695e-09,-0.363832120354746,0.026,0.169,2.29996425250024e-05
"GBF1",2.24661694724027e-09,-1.16410693031943,0.023,0.162,2.31379079396276e-05
"FBXO2",2.24704999676579e-09,-0.894170292572052,0.052,0.223,2.31423679166909e-05
"GPM6B",2.26536278389865e-09,-4.05018410845314,0.014,0.138,2.33309713113722e-05
"HCLS1",2.26564880817546e-09,3.8046445636743,0.295,0.123,2.33339170753991e-05
"GALNT11",2.29804474627348e-09,-0.288919076426579,0.075,0.273,2.36675628418706e-05
"CCDC92",2.35758597464751e-09,-1.0246965664572,0.023,0.162,2.42807779528947e-05
"COG7",2.51892502438993e-09,-0.813782749511825,0.023,0.162,2.59424088261919e-05
"CPSF1",2.51892502438993e-09,-0.871059961365775,0.023,0.162,2.59424088261919e-05
"DYSF",2.52136647113055e-09,-3.0984434807366,0.003,0.108,2.59675532861735e-05
"BCL7A",2.54099628655987e-09,-3.41081520215742,0.003,0.108,2.61697207552801e-05
"FAM65A",2.56077491403039e-09,-3.20400185053052,0.003,0.108,2.6373420839599e-05
"FUZ",2.56077491403039e-09,-2.91037759118156,0.003,0.108,2.6373420839599e-05
"GEMIN8",2.62303446080686e-09,-1.86157791631792,0.017,0.146,2.70146319118499e-05
"EXT2",2.63284684200766e-09,-1.00164994797389,0.02,0.154,2.71156896258369e-05
"EVI2A",2.67182866882492e-09,2.98819036525357,0.228,0.058,2.75171634602278e-05
"FAM8A1",2.71829549480722e-09,-0.645055793883363,0.032,0.181,2.79957253010196e-05
"DHX33",2.77769064827602e-09,-1.81269567846656,0.017,0.146,2.86074359865947e-05
"H2AFV",2.80812244223155e-09,-0.689278629349965,0.315,0.665,2.89208530325427e-05
"GS1-124K5.4",2.85280313120001e-09,-0.596125469815692,0.02,0.154,2.93810194482289e-05
"ANOS1",2.98449625015846e-09,-2.51215243662706,0.006,0.115,3.0737326880382e-05
"CD302",2.98449625015846e-09,-2.59747857188903,0.006,0.115,3.0737326880382e-05
"C20orf194",3.0065696738094e-09,-2.44739170927264,0.006,0.115,3.09646610705631e-05
"GKAP1",3.01686372376352e-09,-1.65898459330032,0.017,0.146,3.10706794910405e-05
"FBXO11",3.04889473839746e-09,-0.347541888968717,0.04,0.2,3.14005669107554e-05
"ALDH5A1",3.09646384857263e-09,-1.66135419875636,0.006,0.115,3.18904811764495e-05
"GPATCH2",3.15367636131659e-09,-0.838351615528896,0.029,0.173,3.24797128451996e-05
"DAPL1",3.15422344191378e-09,-2.58689527457862,0.009,0.123,3.248534722827e-05
"EDEM3",3.18085743435086e-09,-0.882861429552793,0.029,0.173,3.27596507163795e-05
"C1orf109",3.22166660085176e-09,-2.31615690063991,0.009,0.123,3.31799443221722e-05
"DIEXF",3.23131898570068e-09,-1.79875775221134,0.014,0.138,3.32793542337313e-05
"CASD1",3.24126710461055e-09,-2.02574063554314,0.012,0.131,3.33818099103841e-05
"APPBP2",3.28251649175246e-09,-0.926074786100872,0.029,0.173,3.38066373485586e-05
"ELK1",3.31377848523958e-09,-2.15316988853063,0.009,0.123,3.41286046194824e-05
"AMMECR1L",3.31702076741485e-09,-1.07253319931875,0.014,0.138,3.41619968836056e-05
"CBX3",3.37585052286035e-09,-0.344491536259069,0.263,0.619,3.47678845349388e-05
"ASAP1",3.38342389135583e-09,-1.55075849979555,0.026,0.165,3.48458826570736e-05
"CDKN2B",3.38454001577082e-09,-1.72983532202241,0.009,0.123,3.48573776224237e-05
"CMTR1",3.39875755422393e-09,-1.13224480654989,0.012,0.131,3.50038040509523e-05
"FMNL1",3.40158415652885e-09,3.53604195618862,0.231,0.065,3.50329152280906e-05
"CCDC24",3.40845245646626e-09,-1.40076295670391,0.009,0.123,3.5103651849146e-05
"HAUS4",3.42185577174163e-09,-1.25828208866366,0.012,0.131,3.52416925931671e-05
"C10orf35",3.44510678434943e-09,-0.944508944136316,0.012,0.131,3.54811547720148e-05
"G2E3",3.44973705915336e-09,-0.769032614785662,0.014,0.138,3.55288419722205e-05
"CSDE1",3.59567575950671e-09,-0.348464504311039,0.263,0.623,3.70318646471596e-05
"CD68",3.62968002748773e-09,-1.32740519789849,0.026,0.165,3.73820746030962e-05
"FAM199X",3.697742095074e-09,-0.482405005051557,0.038,0.192,3.80830458371671e-05
"FGR",3.8075267636933e-09,8.28033641140724,0.133,0.004,3.92137181392773e-05
"CHMP1A",4.02192253984058e-09,-0.311100772559289,0.101,0.319,4.14217802378181e-05
"CLN6",4.05567110319463e-09,-1.06371151402143,0.026,0.165,4.17693566918015e-05
"ABR",4.05987090783768e-09,-0.627034644107734,0.035,0.185,4.18126104798203e-05
"GTF2IRD2",4.12698111587768e-09,-0.70008661942353,0.035,0.185,4.25037785124242e-05
"BCL11B",4.14569159125173e-09,4.76876369369698,0.142,0.008,4.26964776983016e-05
"CREBZF",4.22457147476519e-09,-0.440483199847281,0.026,0.165,4.35088616186067e-05
"ANKZF1",4.26057736115170e-09,-0.61893834370271,0.049,0.215,4.38796862425013e-05
"ANKRD10",4.2792768788963e-09,-0.558308916115238,0.078,0.273,4.4072272575753e-05
"FARSB",4.38240630338539e-09,-0.554457904287969,0.035,0.185,4.51344025185661e-05
"ARAP1",4.4403785729204e-09,-1.15471041054106,0.023,0.158,4.57314589225072e-05
"DCAF10",4.55138902770239e-09,-0.723427178151803,0.04,0.196,4.6874755596307e-05
"EIF5",4.5668812142296e-09,-0.526495469790401,0.321,0.681,4.70343096253506e-05
"DCAF11",4.5978746740907e-09,0.254265686615109,0.078,0.277,4.73535112684602e-05
"ARID1B",4.73202331868969e-09,-0.307408264558008,0.049,0.215,4.87351081591852e-05
"ARID3A",4.73521396776917e-09,-0.992664556333588,0.032,0.177,4.87679686540546e-05
"EMC10",4.90747594158152e-09,-0.256638842432003,0.205,0.519,5.05420947223481e-05
"ARL13B",5.06333553298832e-09,-0.601782634041013,0.023,0.158,5.21472926542467e-05
"DDX18",5.08042673299715e-09,-0.27624102642975,0.208,0.519,5.23233149231377e-05
"ASCC2",5.11574804023015e-09,-0.480824078885215,0.11,0.331,5.26870890663303e-05
"DCTN4",5.11888728324632e-09,-0.779618814754562,0.032,0.177,5.27194201301539e-05
"CCDC80",5.15674354894531e-09,-4.62710675007419,0.003,0.104,5.31093018105878e-05
"GTPBP4",5.18978021208178e-09,-0.271761713124278,0.055,0.227,5.34495464042303e-05
"CCNB1",5.2371752939029e-09,-4.00245980677058,0.003,0.104,5.3937668351906e-05
"CCT2",5.27470366442384e-09,-0.34604633614235,0.176,0.458,5.43241730399011e-05
"BIRC5",5.27783814728945e-09,-3.79259980534453,0.003,0.104,5.4356455078934e-05
"HOXB3",5.31880810604788e-09,-3.36205647919672,0.003,0.104,5.47784046841872e-05
"BTBD3",5.36008742102234e-09,-3.10077658534097,0.003,0.104,5.52035403491091e-05
"ABCC4",5.40167835902112e-09,-1.80495238138029,0.003,0.104,5.56318854195585e-05
"BMPR1A",5.40167835902112e-09,-2.27341264859559,0.003,0.104,5.56318854195585e-05
"C9orf9",5.40167835902112e-09,-1.95913778148848,0.003,0.104,5.56318854195585e-05
"EXD2",5.40167835902112e-09,-3.13965233350962,0.003,0.104,5.56318854195585e-05
"FAHD2B",5.40167835902112e-09,-2.17179366695678,0.003,0.104,5.56318854195585e-05
"GTPBP2",5.40167835902112e-09,-2.7899067001422,0.003,0.104,5.56318854195585e-05
"DNASE1",5.40740410944769e-09,-1.15750284163362,0.02,0.15,5.56908549232018e-05
"CTC-444N24.11",5.41128707244367e-09,-0.611577977107459,0.032,0.177,5.57308455590973e-05
"COX6B1",5.43254455813543e-09,-0.725245493352652,0.555,0.835,5.59497764042368e-05
"EEF2KMT",5.44060526103276e-09,-0.780773433675267,0.02,0.15,5.60327935833764e-05
"GTF2F1",5.49213697622989e-09,0.593666259856429,0.072,0.265,5.65635187181916e-05
"CDKN2A",5.61310890999121e-09,-2.42332401212458,0.049,0.204,5.78094086639994e-05
"CCND2",5.66084578049418e-09,3.96375025268559,0.185,0.035,5.83010506933096e-05
"ACOX3",5.85180812528022e-09,-3.43205088762472,0.006,0.112,6.0267771882261e-05
"AHI1",5.91054867375581e-09,-0.574633474818572,0.058,0.231,6.08727407910111e-05
"ELK3",5.93084205246148e-09,-0.780310115739537,0.038,0.188,6.10817422983008e-05
"ELK4",6.11515674781367e-09,-0.651434190429982,0.055,0.227,6.2979999345733e-05
"GCNT1",6.21290999118746e-09,-0.977529855282927,0.017,0.142,6.39867599992396e-05
"FARP2",6.25149090446125e-09,-2.28733445442341,0.006,0.112,6.43841048250464e-05
"CLUH",6.29750588565861e-09,-2.27024137114521,0.006,0.112,6.4858013116398e-05
"FAM20B",6.3711999681765e-09,-0.876437193804321,0.017,0.142,6.56169884722498e-05
"CENPL",6.37829780860997e-09,-1.40976576172467,0.014,0.135,6.56900891308741e-05
"C10orf76",6.43753625787174e-09,-1.43374069234115,0.006,0.112,6.63001859198211e-05
"AC004556.1",6.5463075148527e-09,-1.58434922998197,0.014,0.135,6.7420421095468e-05
"BAHD1",6.5518826907653e-09,-2.44963328988296,0.009,0.119,6.74778398321919e-05
"HOXA10",6.76190899537412e-09,-1.7186676760359,0.012,0.127,6.96409007433581e-05
"CERCAM",6.80758568671242e-09,-1.89626093343648,0.012,0.127,7.01113249874512e-05
"FAM221A",6.80758568671242e-09,-1.69916272493546,0.012,0.127,7.01113249874512e-05
"GPN1",6.81737431704753e-09,-0.266903854871474,0.058,0.231,7.02121380912725e-05
"CEP41",6.8332498738554e-09,-1.51656537807679,0.009,0.119,7.03756404508368e-05
"DDX49",6.84983120352948e-09,-0.376184369519749,0.058,0.231,7.05464115651501e-05
"FAM228B",6.89984105028035e-09,-1.71411616881262,0.012,0.127,7.10614629768373e-05
"HMG20A",6.94642355752749e-09,-1.71710353007707,0.012,0.127,7.15412162189756e-05
"DHDDS",6.97830588203251e-09,-1.39476721275078,0.009,0.119,7.18695722790528e-05
"C10orf95",7.0273200375705e-09,-1.31961255048715,0.009,0.119,7.23743690669386e-05
"GIMAP1",7.39761041263165e-09,2.31183644759821,0.199,0.038,7.61879896396934e-05
"CLUAP1",7.51626427185079e-09,-0.900121566886393,0.026,0.162,7.74100057357913e-05
"AGO2",7.60849338915215e-09,-0.378133145731421,0.078,0.269,7.8359873414878e-05
"DDX56",7.85335450687175e-09,-0.560721899995373,0.061,0.235,8.08816980662721e-05
"ARRB1",7.94785056889608e-09,-0.772788790338267,0.035,0.181,8.18549130090608e-05
"DCAF5",8.07631790134859e-09,-0.304057037295327,0.072,0.258,8.31779980659891e-05
"APBB1IP",8.18598325201537e-09,4.6893597997146,0.182,0.035,8.43074415125063e-05
"FAM98C",8.30834230539834e-09,-0.402087230270283,0.049,0.212,8.55676174032975e-05
"CSNK2A2",8.32146524445934e-09,-0.647604572638431,0.035,0.181,8.57027705526868e-05
"GSTO1",8.38068416124523e-09,-0.437001189070314,0.223,0.523,8.63126661766646e-05
"FOXJ3",8.78494981363379e-09,-0.658850068268998,0.04,0.192,9.04761981306144e-05
"C15orf61",8.95093900750257e-09,-0.426309114395716,0.064,0.242,9.21857208382689e-05
"HOMER1",9.32974444762242e-09,-0.745419564045105,0.023,0.154,9.60870380660633e-05
"FRS2",9.38507519347427e-09,-0.980579893172006,0.023,0.154,9.66568894175915e-05
"EOMES",9.55186123385112e-09,9.17157207127298,0.118,0,9.83746188474327e-05
"AHCTF1",9.66654862550615e-09,-0.39701424734141,0.023,0.154,9.95557842940878e-05
"CCDC25",9.67711568717104e-09,-0.294684220246386,0.087,0.285,9.96646144621746e-05
"C5orf45",9.95726644742122e-09,-1.22034654592199,0.038,0.185,0.000102549887141991
"FOS",1.04249939347877e-08,-0.329649502533558,0.413,0.762,0.000107367012534379
"BAP1",1.07174663376354e-08,-0.655072212307572,0.032,0.173,0.000110379185811307
"GPR171",1.08494399957693e-08,5.8209149807276,0.142,0.012,0.000111738382516428
"HHIP",1.09428591263942e-08,-3.96052128843449,0.003,0.1,0.000112700506142734
"HINT1",1.09876842649944e-08,-0.584715910215158,0.74,0.873,0.000113162160245177
"BBOF1",1.11129121436836e-08,-3.78422008842684,0.003,0.1,0.000114451882167797
"ATL1",1.11988989581334e-08,-3.14354524212871,0.003,0.1,0.000115337460369816
"DUSP8",1.11988989581334e-08,-3.18528689708918,0.003,0.1,0.000115337460369816
"ARHGAP25",1.12712377468794e-08,4.83329105535199,0.162,0.023,0.000116082477555111
"ANLN",1.12855322011213e-08,-3.02454420990149,0.003,0.1,0.000116229696139348
"ARHGEF10L",1.12855322011213e-08,-2.32567842590586,0.003,0.1,0.000116229696139348
"COLCA1",1.12855322011213e-08,-2.76622401983421,0.003,0.1,0.000116229696139348
"GYLTL1B",1.12855322011213e-08,-2.35913073348873,0.003,0.1,0.000116229696139348
"ABCB8",1.13888003566636e-08,-1.09438912585861,0.017,0.138,0.000117293254873279
"BIK",1.14672052820478e-08,-0.806231372128428,0.02,0.146,0.00011810074719981
"GALK2",1.16142472129143e-08,-0.76951335646255,0.029,0.165,0.000119615132045805
"GCN1",1.23924298872253e-08,-1.59356228811043,0.014,0.131,0.000127629635408533
"GATAD2B",1.25218600264418e-08,-0.786550456518933,0.055,0.219,0.000128962636412324
"DMTN",1.25486330843241e-08,-2.22313227644117,0.012,0.123,0.000129238372135454
"ALPL",1.2781983909415e-08,-3.07337621186035,0.006,0.108,0.000131641652283065
"CPEB2",1.29761472386718e-08,-2.1707641717931,0.012,0.123,0.000133641340411081
"B4GAT1",1.30650050540186e-08,-2.07750972731554,0.006,0.108,0.000134556487051337
"GINS2",1.30650050540186e-08,-2.69766001695955,0.006,0.108,0.000134556487051337
"DEDD",1.3099132942187e-08,-0.282202006603062,0.038,0.185,0.000134907970171584
"DHTKD1",1.32570584309904e-08,-2.34893182208782,0.006,0.108,0.00013653444478077
"DPP9",1.32880083362022e-08,-0.613063700815927,0.043,0.196,0.000136853197854546
"CDK2AP1",1.3354110885851e-08,-1.27079922459102,0.006,0.108,0.000137533988013379
"CSF3R",1.3385124827142e-08,-2.63481346727802,0.009,0.115,0.000137853400594736
"C1QBP",1.34963057984294e-08,-0.347676708747025,0.231,0.546,0.000138998453418024
"BSDC1",1.35801959997959e-08,-0.273655184944682,0.101,0.312,0.000139862438601898
"CAMSAP1",1.37395504600624e-08,-0.90127666155256,0.014,0.131,0.000141503630188183
"DPYD",1.37403954725695e-08,-0.475406112179315,0.029,0.165,0.000141512332971993
"BBS2",1.38596527395247e-08,-2.02073341165661,0.009,0.115,0.000142740563564365
"DOCK7",1.41521717990283e-08,-1.39534584659978,0.009,0.115,0.000145753217358192
"CAMKK2",1.41549807012892e-08,-1.03388109402269,0.012,0.123,0.000145782146242578
"COX7A2L",1.42250544059157e-08,-0.347339702118756,0.292,0.65,0.000146503835326526
"HMGCR",1.42510043043457e-08,-1.26478265597415,0.009,0.115,0.000146771093330456
"FAM110A",1.43612417366303e-08,0.345027092021688,0.046,0.204,0.000147906428645556
"FBXO25",1.49104019135119e-08,-0.863815125126319,0.035,0.177,0.000153562229307259
"GPD1L",1.49583239433141e-08,-0.944765130170049,0.026,0.158,0.000154055778292192
"EFR3A",1.50365611340447e-08,-0.472017664381219,0.049,0.208,0.000154861543119526
"AMIGO2",1.59300508944651e-08,-0.765529464218528,0.026,0.158,0.000164063594162096
"ARHGEF2",1.60466077277423e-08,-0.778699614280226,0.072,0.25,0.000165264012988017
"CXCL3",1.61555022432724e-08,-1.50598380675356,0.038,0.181,0.000166385517603463
"DCUN1D1",1.73827056373616e-08,0.78768615714474,0.058,0.227,0.000179024485359187
"COMMD10",1.76271542570211e-08,-0.61131774237124,0.046,0.2,0.00018154206169306
"DCAF13",1.8364821893487e-08,-0.416981074790071,0.064,0.235,0.000189139300681023
"CLPX",1.95603422493038e-08,-0.47830949705276,0.046,0.2,0.00020145196482558
"C17orf75",1.97268022028493e-08,-0.320589831686387,0.023,0.15,0.000203166335887145
"ELP5",2.03233829570604e-08,-0.50945676534662,0.052,0.212,0.000209310521074765
"ATP5O",2.03348286738844e-08,-0.627586593200512,0.41,0.769,0.000209428400512335
"CYTH4",2.04304880516917e-08,6.08378421866585,0.13,0.008,0.000210413596444372
"CRELD1",2.0890738512289e-08,-0.8603106802701,0.029,0.162,0.000215153715938065
"ANXA11",2.204941798985e-08,-0.391501897049678,0.277,0.623,0.000227086955877465
"CYP4B1",2.23807154000446e-08,-5.40267878121946,0.006,0.104,0.000230498987905059
"ACADM",2.26428388017067e-08,-0.503669905499015,0.072,0.25,0.000233198596818777
"CDYL",2.37929526114705e-08,-0.29415469147946,0.038,0.181,0.000245043618945535
"DLST",2.40417490626373e-08,-0.339149666527339,0.038,0.181,0.000247605973596102
"CCL20",2.49632986264203e-08,-2.62151062660974,0.029,0.158,0.000257097012553502
"DHRS7B",2.50335147462091e-08,-0.659560560373163,0.043,0.192,0.000257820168371208
"FBXL17",2.50847365255113e-08,-0.799972595019834,0.017,0.135,0.00025834770147624
"ABLIM1",2.57642785582276e-08,-0.769342935627406,0.055,0.215,0.000265346304871186
"GDPD3",2.60808041591856e-08,-2.89244910650309,0.006,0.104,0.000268606202035453
"AEBP2",2.65234308393251e-08,-0.461182259573759,0.029,0.162,0.000273164814214209
"AFAP1",2.66556316128727e-08,-2.59108609314203,0.006,0.104,0.000274526349980976
"ADGRL1",2.68499586043815e-08,-2.32489861251314,0.006,0.104,0.000276527723666525
"DUS3L",2.68499586043815e-08,-2.15881317441976,0.006,0.104,0.000276527723666525
"ACOT7",2.71210688690413e-08,-0.344293644746918,0.043,0.192,0.000279319888282256
"EIF4G2",2.75996349917639e-08,-0.646071832433047,0.387,0.723,0.000284248640780176
"BTBD9",2.76411053340249e-08,-1.5224480408592,0.006,0.104,0.000284675743835122
"HECTD3",2.76411053340249e-08,-1.80657649846847,0.006,0.104,0.000284675743835122
"DOT1L",2.76563942800609e-08,-2.51307723258295,0.009,0.112,0.000284833204690347
"FAAP100",2.78185084003838e-08,-0.632464796679922,0.014,0.127,0.000286502818015553
"BAG2",2.78186056833079e-08,-1.85674965497774,0.012,0.119,0.000286503819932388
"COX7B",2.80801462193887e-08,-0.554685544110702,0.419,0.754,0.000289197425913485
"CPT2",2.85668021548018e-08,-1.6061676059078,0.012,0.119,0.000294209495392304
"BYSL",2.88290838511843e-08,-1.77240587061071,0.009,0.112,0.000296910734583347
"FASTKD3",2.90291660032679e-08,-1.23331218843546,0.009,0.112,0.000298971380667656
"HEATR1",2.91407258785134e-08,-1.27899439466718,0.012,0.119,0.00030012033582281
"ATP7A",2.93345080537213e-08,-0.965471297919366,0.012,0.119,0.000302116098445275
"GUK1",3.05918135482812e-08,-0.674057131364098,0.59,0.846,0.000315065087733748
"FXYD5",3.07495681584364e-08,1.222144238452,0.59,0.569,0.000316689802463737
"ATXN7L3",3.18891666243414e-08,-0.498347676987726,0.026,0.154,0.000328426527064092
"FADS3",3.19460481726643e-08,-1.32670732266655,0.023,0.146,0.00032901235013027
"CCND3",3.20940509519185e-08,2.14551762257329,0.454,0.354,0.000330536630753809
"HAVCR2",3.28671661188326e-08,5.6058743748566,0.142,0.015,0.000338498943857857
"CRTAM",3.54402056915461e-08,8.64288085035058,0.118,0.004,0.000364998678417233
"CXCR6",3.56554481126263e-08,6.50523183546286,0.118,0.004,0.000367215460111938
"CRKL",3.60909191698321e-08,-0.793796989909031,0.023,0.146,0.000371700376530101
"CDK19",3.67018886379976e-08,-1.53916643522313,0.02,0.138,0.000377992751082737
"CIZ1",3.78014251887953e-08,0.250713042533783,0.055,0.215,0.000389316878019403
"COX7A2",3.79288993116052e-08,-0.579727122955356,0.604,0.827,0.000390629734010222
"DDX54",3.85060287999821e-08,0.280467477277445,0.098,0.304,0.000396573590611015
"HELZ2",3.86527749312448e-08,-0.437369914413608,0.046,0.196,0.00039808492901689
"HLA-DQB1",4.10796867856364e-08,-0.628084358386613,0.266,0.558,0.000423079694205269
"CCDC167",4.26604653311761e-08,0.307356900666028,0.147,0.4,0.000439360132445783
"ANO6",4.32437407385788e-08,-1.05090074258707,0.02,0.138,0.000445367285866623
"DNASE1L1",4.35017645292042e-08,-0.694137028484893,0.02,0.138,0.000448024672886274
"AKTIP",4.45722810187398e-08,-0.424587965944483,0.055,0.212,0.000459049922212002
"CD47",4.49675526298369e-08,-0.593738488785965,0.335,0.646,0.000463120824534691
"GMPPB",4.51691820263284e-08,-0.930552196612549,0.029,0.158,0.000465197405689156
"AGER",4.53792235615e-08,-6.74836457808693,0.009,0.108,0.000467360623459888
"GCLC",4.63703487490898e-08,-1.76034910653286,0.026,0.15,0.000477568221766876
"AP4M1",4.85101404411989e-08,-1.21418897704818,0.026,0.15,0.000499605936403907
"CDK5RAP2",4.95835950255665e-08,-0.287522914348879,0.029,0.158,0.000510661445168309
"CD300A",4.98868529969724e-08,7.94931623175489,0.124,0.008,0.000513784699015818
"AGL",5.01153610741921e-08,-1.13250608444746,0.017,0.131,0.000516138103703104
"DDX19A",5.16732256431868e-08,-0.327392027813714,0.017,0.131,0.000532182550899181
"AXIN1",5.25965869062805e-08,-0.53060273049406,0.035,0.169,0.000541692248547783
"CXorf40B",5.33796874258094e-08,-0.742838933844163,0.026,0.15,0.000549757400798411
"C12orf73",5.38146243254223e-08,-2.25802292963239,0.012,0.115,0.000554236815927525
"COPG2",5.52527481600173e-08,-1.80569228604494,0.012,0.115,0.000569048053300018
"CCDC189",5.54623561761394e-08,-2.27477315391441,0.006,0.1,0.00057120680625806
"CROT",5.56180577976003e-08,-1.65837677704846,0.012,0.115,0.000572810377257486
"FGFR1OP",5.56180577976003e-08,-2.01902759289929,0.012,0.115,0.000572810377257486
"DVL2",5.61460689142887e-08,-0.659757754471203,0.026,0.15,0.000578248363748259
"AASDHPPT",5.61762545945591e-08,0.289008569717464,0.064,0.231,0.000578559246069364
"C2",5.62694330988684e-08,-2.73617456124568,0.006,0.1,0.000579518891485245
"C7orf60",5.62694330988684e-08,-2.14274180280282,0.006,0.1,0.000579518891485245
"COL9A2",5.62694330988684e-08,-2.31854189420742,0.006,0.1,0.000579518891485245
"CUL9",5.62694330988684e-08,-2.06601340859581,0.006,0.1,0.000579518891485245
"C4orf3",5.6904808363212e-08,-0.502890867723164,0.408,0.754,0.00058606262133272
"CTD-2186M15.3",5.70878859580288e-08,-1.70503407563271,0.006,0.1,0.000587948137481738
"FUT2",5.70878859580288e-08,-1.1027450770154,0.006,0.1,0.000587948137481738
"ANKRD11",5.71736718600266e-08,-0.367648818426002,0.173,0.431,0.000588831646486414
"FAM73A",5.76398511564593e-08,-0.360267907531998,0.035,0.169,0.000593632827060374
"AP3S2",5.97960984426988e-08,-0.714014848790082,0.009,0.108,0.000615840017861355
"GBP3",6.10297185421443e-08,-0.587330835289745,0.046,0.192,0.000628545071265544
"C16orf72",6.32650826470504e-08,-0.367449702301696,0.092,0.285,0.000651567086181972
"CIC",6.58948429435824e-08,-0.724460570847341,0.032,0.162,0.000678650987475955
"AC004951.6",6.62627058714121e-08,-0.302817766031695,0.046,0.192,0.000682439607769673
"ATP13A1",6.66015555580292e-08,-0.802534439965819,0.032,0.162,0.000685929420692142
"B4GALT4",6.77429117698256e-08,-0.739049521368599,0.023,0.142,0.000697684248317434
"C8orf76",7.02156038129784e-08,-0.309935018474484,0.046,0.192,0.000723150503669864
"H2AFX",7.08677193933844e-08,-0.440957409453547,0.098,0.288,0.000729866642032466
"C16orf91",7.48982768121472e-08,0.517903802237151,0.072,0.246,0.000771377352888304
"ABCF3",7.56761921927263e-08,-0.271537418435588,0.032,0.162,0.000779389103392888
"GADD45B",7.71097932464032e-08,-0.718232964604402,0.243,0.512,0.000794153760644707
"GNG5",8.1508978798572e-08,-0.570477934639109,0.396,0.742,0.000839460972646493
"DSN1",8.17957618363126e-08,-1.01504773167053,0.02,0.135,0.000842414551152183
"ADCK3",8.37473632457203e-08,-1.12079602014588,0.02,0.135,0.000862514094067674
"DDX19B",8.57965583934594e-08,-0.439437122540281,0.049,0.196,0.000883618754894238
"C14orf142",8.61129831960834e-08,-0.42091778586104,0.055,0.208,0.000886877613936462
"AHDC1",8.93496063700741e-08,-0.266293582740062,0.02,0.135,0.000920211596005394
"DSTYK",9.14440265927277e-08,-0.863462662054041,0.035,0.165,0.000941782029878502
"COPS4",9.26818225600892e-08,0.370156193548934,0.081,0.262,0.000954530090546358
"DLEU1",9.38153179546034e-08,-0.415676066397101,0.029,0.154,0.00096620395961446
"CDKN3",9.53562477103046e-08,-2.85243678523587,0.012,0.112,0.000982073995168427
"ELF1",9.74516844970979e-08,2.60392349971374,0.405,0.3,0.00100365489863561
"HMGXB3",9.8840687181797e-08,-0.700969836411593,0.035,0.165,0.00101796023728533
"DDX51",9.9489117939859e-08,-1.48333798966591,0.014,0.119,0.00102463842566261
"BIRC6",1.01682914325184e-07,0.358117363979061,0.101,0.3,0.00104723233463507
"C14orf166",1.06530911877553e-07,-0.514014700745557,0.324,0.654,0.00109716186142692
"ANKRD46",1.0661766189379e-07,-1.48615812084784,0.014,0.119,0.00109805529984414
"ABHD8",1.07289688945985e-07,-0.990665816396792,0.014,0.119,0.0011049765064547
"C6orf120",1.08646063257365e-07,-0.779727643086642,0.014,0.119,0.0011189458054876
"APC",1.09330458867416e-07,-0.634845281969283,0.014,0.119,0.00112599439587552
"AAR2",1.10019025908638e-07,-0.806019444783604,0.014,0.119,0.00113308594783307
"CASZ1",1.10711788899097e-07,-0.585882642103332,0.014,0.119,0.0011402207138718
"CEP170",1.10871684421299e-07,-1.78565167507801,0.012,0.112,0.00114186747785496
"ARL4D",1.11381276559807e-07,-0.97578025824757,0.026,0.146,0.00114711576728945
"E4F1",1.11381276559807e-07,-0.792451083815083,0.026,0.146,0.00114711576728945
"GOT1",1.1401902605875e-07,-0.591379191216485,0.04,0.177,0.00117428194937907
"HMGN5",1.14554367047892e-07,-1.70603373153812,0.012,0.112,0.00117979542622624
"DCUN1D4",1.17585473740821e-07,-0.696276992721456,0.012,0.112,0.00121101279405671
"FBXL4",1.19521815106204e-07,-1.59687139232421,0.009,0.104,0.0012309551737788
"ELAC2",1.20402673314233e-07,-0.395601803644371,0.04,0.177,0.00124002713246328
"HARS2",1.2116385284543e-07,-1.30536373159383,0.009,0.104,0.00124786652045508
"AOAH",1.21180595113081e-07,7.54320964733274,0.118,0.008,0.00124803894906962
"ECT2",1.22827708074712e-07,-0.954797106217743,0.009,0.104,0.00126500256546146
"EDC3",1.23667904425695e-07,-1.53327532993437,0.009,0.104,0.00127365574768023
"DNAJA4",1.2596370356045e-07,-1.26836571723163,0.023,0.138,0.00129730018296908
"ARFGAP3",1.33218837695797e-07,0.395095833599468,0.072,0.242,0.00137202080942901
"CD244",1.33248873029443e-07,6.45952118836488,0.11,0.004,0.00137233014333023
"FCF1",1.3781113941605e-07,-0.438745478220142,0.032,0.158,0.00141931692484589
"ACTG1",1.41633128970153e-07,-0.536987361990218,0.873,0.958,0.00145867959526361
"DUSP16",1.44481312401457e-07,-0.333739178326404,0.032,0.158,0.00148801303642261
"CENPH",1.4799005808162e-07,-1.39859927475194,0.02,0.131,0.0015241496081826
"FAM193A",1.52380959442581e-07,-1.0300092640626,0.02,0.131,0.00156937150129914
"GGT7",1.54172058495063e-07,-0.686443792648281,0.02,0.131,0.00158781803044065
"EIF2B3",1.55984140479449e-07,-0.922589390872801,0.02,0.131,0.00160648066279784
"FAM35A",1.6060410176397e-07,-0.657400151748657,0.02,0.131,0.00165406164406713
"DTD2",1.61543841307068e-07,-0.816606233617416,0.02,0.131,0.00166374002162149
"FBXO18",1.65105177080869e-07,-0.434338563179395,0.043,0.181,0.00170041821875587
"CDC23",1.66322860576956e-07,-0.435168078399409,0.02,0.131,0.00171295914108207
"C20orf27",1.74120423102183e-07,0.310709824629117,0.095,0.285,0.00179326623752938
"FBLN5",1.76290456814472e-07,-1.27130150973635,0.017,0.123,0.00181561541473225
"AAAS",1.78427817308242e-07,-1.13893262097592,0.017,0.123,0.00183762809045759
"FAM173B",1.78427817308242e-07,-1.1801163793904,0.017,0.123,0.00183762809045759
"C6orf203",1.85548254135475e-07,-0.814444878572556,0.017,0.123,0.00191096146934126
"FAM131A",1.86107645060047e-07,-0.725893707992434,0.017,0.123,0.00191672263647342
"ACAD9",1.89495943622013e-07,-0.732136344661523,0.017,0.123,0.00195161872336311
"CD84",1.95567023632049e-07,6.25318851713494,0.13,0.015,0.00201414477638648
"GPKOW",2.01315856266072e-07,-0.277108047658625,0.04,0.173,0.00207335200368428
"BABAM1",2.01524892958549e-07,0.270982020382406,0.124,0.342,0.0020755048725801
"CRAMP1",2.08369186110039e-07,-1.1920861200483,0.014,0.115,0.00214599424774729
"EZR",2.10356045853541e-07,-0.290260021899387,0.329,0.642,0.00216645691624562
"ATAD1",2.11541432622666e-07,0.492886710254223,0.066,0.227,0.00217866521458084
"ANKRD26",2.15626825554997e-07,-0.984963474065358,0.014,0.115,0.00222074067639091
"AP006621.5",2.19006673903729e-07,-0.92923039877795,0.014,0.115,0.0022555497345345
"C4orf32",2.20372695926743e-07,-0.839021712396252,0.014,0.115,0.00226961839534952
"GLCE",2.23129481967324e-07,-0.366159626436133,0.014,0.115,0.00229801053478147
"HACD1",2.25727544875236e-07,-2.73902869049801,0.009,0.1,0.00232476798467006
"COL6A2",2.26532814537673e-07,-0.97317015559885,0.043,0.177,0.00233306145692349
"FGFR1",2.27613910914983e-07,-1.63310666275591,0.012,0.108,0.00234419566851341
"FAM213B",2.38317212053858e-07,-2.21351521123083,0.009,0.1,0.00245442896694269
"AP1S3",2.42831526438476e-07,-0.833366280774233,0.012,0.108,0.00250092189078986
"CDADC1",2.44406251422473e-07,-0.910824967421204,0.012,0.108,0.00251713998340005
"AP3M1",2.4473972988262e-07,-0.656272051239803,0.032,0.154,0.0025205744780611
"DCUN1D3",2.44863814304395e-07,-1.37516294373279,0.009,0.1,0.00252185242352097
"ERC1",2.49665995648836e-07,-1.20063197428957,0.023,0.135,0.00257131008918736
"FBXO44",2.56460754975762e-07,-0.764382383213063,0.032,0.154,0.00264128931549537
"ARFGEF2",2.58228517718139e-07,-0.668722288201402,0.023,0.135,0.00265949550397912
"GFM1",2.64034449446972e-07,-0.450734028547846,0.049,0.188,0.00271929079485437
"BAG4",2.64093718794116e-07,-0.536440706981406,0.023,0.135,0.0027199012098606
"FAM98A",2.64093718794116e-07,-0.547186010539091,0.023,0.135,0.0027199012098606
"CAT",2.72284496988158e-07,-0.30119520718447,0.095,0.277,0.00280425803448104
"CNPY3",2.75576901012801e-07,0.289846788476504,0.142,0.369,0.00283816650353084
"ANKRA2",2.89979303526113e-07,-0.83764335933592,0.029,0.146,0.00298649684701544
"CEP95",2.9621120514034e-07,-0.578315672690354,0.029,0.146,0.00305067920174036
"FAM50B",3.01500057158197e-07,-0.887276483347726,0.02,0.127,0.00310514908867227
"DBI",3.09916981021611e-07,-0.621883760331012,0.454,0.754,0.00319183498754158
"C2orf69",3.10709408680569e-07,-0.490427389631799,0.029,0.146,0.00319999620000118
"GTF2H1",3.16438263861241e-07,0.368694678231156,0.038,0.165,0.00325899767950692
"GTF2A1",3.17370799337845e-07,-0.283093394973165,0.029,0.146,0.00326860186238047
"CNST",3.21263598261013e-07,-0.5192285604082,0.02,0.127,0.00330869379849018
"B9D2",3.24988885669288e-07,-0.581742710014527,0.02,0.127,0.003347060533508
"C9orf85",3.27622079770114e-07,-0.436191791265716,0.029,0.146,0.00337417979955241
"APOE",3.4078116934349e-07,-1.07550007895185,0.171,0.388,0.0035097052630686
"DIMT1",3.4178879754205e-07,0.288423495502557,0.029,0.146,0.00352008282588557
"ATE1",3.52498729636228e-07,-0.956387789404035,0.017,0.119,0.00363038441652351
"ACO2",3.52626945591172e-07,0.346536443714251,0.098,0.285,0.00363170491264348
"ABCC5",3.65325166523037e-07,-0.927705393118509,0.017,0.119,0.00376248389002075
"ARNT",3.67506240965846e-07,-1.63049357792109,0.017,0.119,0.00378494677570725
"ASXL2",3.68327826726944e-07,0.261717903601807,0.061,0.212,0.00379340828746079
"ALKBH4",3.78566379447109e-07,-0.793924688279334,0.026,0.138,0.00389885514192577
"HMGXB4",3.92566596845839e-07,0.25163366395679,0.081,0.25,0.00404304338091529
"C1RL",4.04014857043295e-07,-0.669762471331579,0.026,0.138,0.0041609490126889
"AP3B1",4.17583905199491e-07,-1.06472856248212,0.032,0.15,0.00430069663964956
"FAM193B",4.18563344353068e-07,-1.26023238149024,0.014,0.112,0.00431078388349225
"C14orf2",4.21491273010116e-07,-0.513674710790101,0.428,0.777,0.00434093862073119
"CAPN15",4.31110151039302e-07,-0.327130873349318,0.026,0.138,0.00444000344555377
"ANTXR2",4.34325677855128e-07,-0.753976314511566,0.014,0.112,0.00447312015622996
"C20orf196",4.42420072293783e-07,-0.549846414084333,0.014,0.112,0.00455648432455367
"DGCR14",4.53769832163801e-07,-1.43287783630652,0.012,0.104,0.00467337550145498
"ARHGEF26",4.56692955357961e-07,-1.61934255237986,0.012,0.104,0.00470348074723164
"DUSP22",4.65449448567223e-07,-0.478717416396555,0.038,0.162,0.00479366387079383
"CAD",4.90069994673562e-07,-0.986064060069926,0.012,0.104,0.00504723087514302
"GPX7",5.54290657476351e-07,-1.62113527129235,0.02,0.123,0.00570863948134894
"C2orf47",5.79483782976604e-07,-0.725582969829175,0.035,0.154,0.00596810348087604
"FAM160A2",5.85976560419953e-07,-0.615260140940568,0.029,0.142,0.0060349725957651
"ATP5C1",5.92739825659748e-07,-0.350815979471902,0.275,0.577,0.00610462746446975
"GPR180",6.24916224296991e-07,-0.375535345371379,0.02,0.123,0.00643601219403471
"FAR1",6.27217960817971e-07,-0.254260979046832,0.029,0.142,0.00645971777846428
"C7orf26",6.44574927819313e-07,0.274868105140885,0.055,0.196,0.0066384771816111
"DOPEY2",6.53650728693789e-07,-1.50253920147493,0.017,0.115,0.00673194885481733
"ASB6",6.54038626841176e-07,0.361749618329841,0.02,0.123,0.00673594381783727
"CNPPD1",6.66212723795116e-07,0.420575531065651,0.081,0.246,0.0068613248423659
"CALM1",6.69817508690097e-07,0.368486851384001,0.812,0.804,0.00689845052199931
"ATG4C",6.7721592731096e-07,-1.14501738930936,0.017,0.115,0.00697464683537558
"BRWD3",6.97476995344686e-07,-1.0060116191206,0.017,0.115,0.00718331557505492
"ACSL4",7.05743893473995e-07,-0.899755729616993,0.017,0.115,0.00726845635888867
"ANKFY1",7.09912666221767e-07,-1.53220126844643,0.017,0.115,0.00731139054941798
"CEP89",7.35427989916278e-07,-0.896103940810854,0.017,0.115,0.00757417286814774
"DHX16",7.44127749305467e-07,-0.461548046841204,0.017,0.115,0.007663771690097
"FAM160B2",7.5970291922852e-07,-0.492776365517366,0.026,0.135,0.00782418036513453
"ALDH16A1",7.67872986461723e-07,-0.282782381985976,0.026,0.135,0.00790832388756929
"CCDC84",7.74381630214911e-07,-0.810851854497361,0.032,0.146,0.00797535640958337
"GLTP",8.08561536308143e-07,0.277554080666158,0.139,0.354,0.00832737526243756
"COX15",8.17145419308798e-07,-1.72153376231298,0.014,0.108,0.00841578067346131
"ARAF",8.46151068276208e-07,0.672995914653504,0.081,0.246,0.00871450985217667
"HDAC6",8.47604796785451e-07,-1.04142357866363,0.014,0.108,0.00872948180209336
"CLN8",8.57160757590985e-07,-0.409243438342475,0.055,0.192,0.00882789864242956
"DBT",8.69434602230445e-07,-0.84570057268874,0.023,0.127,0.00895430696837135
"GTF2IRD2B",8.78996461777352e-07,-1.77069985765095,0.012,0.1,0.00905278455984495
"GIGYF1",8.93331104610954e-07,-0.592833549247411,0.038,0.158,0.00920041704638821
"CAPN7",8.98588138431667e-07,-0.722371703169428,0.023,0.127,0.00925455923770774
"GPATCH2L",9.17077033997365e-07,-0.414329725483948,0.064,0.208,0.00944497637313886
"C2orf49",9.24101778712723e-07,-0.342657992679772,0.038,0.158,0.00951732421896234
"CASP10",9.30790974711531e-07,-1.54417431430921,0.012,0.1,0.00958621624855406
"CDK9",9.4810402862107e-07,0.262685036233499,0.061,0.204,0.0097645233907684
"CYP20A1",9.71218818877681e-07,0.551056675283178,0.098,0.277,0.0100025826156212
"FAM118B",9.79287098734787e-07,-0.7374144645068,0.012,0.1,0.0100856778298696
"GBP5",9.90234509423451e-07,4.73395131837125,0.113,0.012,0.0101984252125521
"BEX4",1.03461931831327e-06,-0.676468423008762,0.075,0.227,0.0106555443593084
"ARMC6",1.06558068283403e-06,-0.541831627675287,0.029,0.138,0.0109744154525077
"DYRK1B",1.10538978290931e-06,-1.08801208952789,0.02,0.119,0.011384409374183
"COG4",1.11634183502881e-06,-0.314409628243971,0.029,0.138,0.0114972045589617
"CEP164",1.14988932312179e-06,0.381525348150294,0.055,0.192,0.0118427101388313
"ARRDC2",1.15180641510425e-06,-0.634409016840711,0.035,0.15,0.0118624542691586
"COX7C",1.16759858374906e-06,-0.513350359795719,0.783,0.9,0.0120250978140315
"CYB5D2",1.16954843196472e-06,-0.897135033321251,0.02,0.119,0.0120451793008047
"CCNT1",1.21214000186096e-06,0.687761605733116,0.049,0.181,0.0124838298791661
"BRE",1.22183171814978e-06,0.55218362360695,0.081,0.242,0.0125836448652246
"GEM",1.23675693837848e-06,-1.50865336224162,0.017,0.112,0.0127373597083599
"DPF2",1.23789996234672e-06,0.25371926611716,0.058,0.196,0.0127491317122089
"DBP",1.36571159341214e-06,-0.762197277009997,0.017,0.112,0.0140654637005516
"EIF1",1.38870950189324e-06,0.251918691076392,0.994,0.954,0.0143023191599985
"C5orf28",1.40902275144054e-06,0.46425865278814,0.046,0.173,0.0145115253170861
"GLE1",1.44750782525525e-06,-0.948172398703348,0.017,0.112,0.0149078830923038
"FBXO22",1.44962241207629e-06,0.297200120492209,0.04,0.162,0.0149296612219737
"ALG6",1.47295170271665e-06,-0.373700174436821,0.017,0.112,0.0151699295862788
"HP",1.51416763265285e-06,-6.50574885566943,0.017,0.108,0.0155944124486917
"GTF3C5",1.55034562190373e-06,-0.493756059445005,0.058,0.192,0.0159670095599865
"CNOT6L",1.64343556553592e-06,3.0881109988562,0.28,0.154,0.0169257428894544
"CTU1",1.68813729722007e-06,-0.605022877322562,0.014,0.104,0.0173861260240695
"C12orf43",1.70859864417588e-06,-0.560915804694379,0.014,0.104,0.0175968574363674
"EHBP1",1.70859864417588e-06,-0.543314876129452,0.014,0.104,0.0175968574363674
"FNBP1",1.70877968977593e-06,2.1587058400772,0.344,0.219,0.0175987220250023
"BEST1",1.72508150848336e-06,-0.67198347269206,0.023,0.123,0.0177666144558701
"FOPNL",1.75358294813405e-06,0.397035858319949,0.066,0.212,0.0180601507828326
"CHM",1.82107571599054e-06,-0.361465303968302,0.023,0.123,0.0187552587989866
"ERBB2IP",1.90004301142305e-06,0.259825609171001,0.104,0.281,0.019568542974646
"ACD",1.93004834915249e-06,-0.704678355090734,0.035,0.146,0.0198775679479215
"FBL",1.9418675523097e-06,-0.328412409273187,0.257,0.542,0.0199992939212376
"CTCF",1.94486870898115e-06,0.518178393102323,0.049,0.177,0.0200302028337968
"FBXL15",1.96710898898151e-06,0.291349264770122,0.104,0.281,0.0202592554775206
"CSF1",2.29169151273042e-06,-0.486165772775824,0.02,0.115,0.0236021308896106
"EIF3J-AS1",2.30477259538217e-06,0.307582870772369,0.029,0.135,0.023736852959841
"FAM134C",2.34464268336705e-06,0.489975729171578,0.098,0.269,0.0241474749959973
"COG5",2.4091603866032e-06,0.272767452398591,0.02,0.115,0.0248119428216264
"DHRS12",2.44509844321158e-06,-0.256685884357551,0.04,0.158,0.025182068866636
"CMTM6",2.51386500052614e-06,0.610473741108276,0.156,0.381,0.0258902956404187
"BTG2",2.56279924994312e-06,2.12042486998646,0.399,0.304,0.0263942694751642
"DNAJC13",2.70796346466241e-06,-0.903295433755802,0.017,0.108,0.0278893157225582
"ABCB7",2.78672571091168e-06,-0.58677327086692,0.026,0.127,0.0287004880966794
"CLDND1",2.78844785711672e-06,-0.643702097669203,0.15,0.35,0.0287182244804451
"CNOT1",2.79468059697521e-06,0.691026635578024,0.078,0.231,0.0287824154682477
"ADAP1",2.84880913538239e-06,-0.505153567749911,0.032,0.138,0.0293398852853032
"EHMT1",2.95052357489681e-06,0.314604425463441,0.061,0.196,0.0303874422978622
"DERL2",2.97828831582153e-06,0.322347008169235,0.121,0.312,0.0306733913646459
"ERCC4",3.07913838294643e-06,-1.87391272637247,0.014,0.1,0.0317120462059653
"CC2D1B",3.21047359220977e-06,-1.12091925512858,0.014,0.1,0.0330646675261684
"HAUS1",3.23908251447436e-06,0.305875212311514,0.049,0.173,0.0333593108165714
"AMN1",3.25854166237608e-06,-1.10495265446291,0.023,0.119,0.0335597205808113
"ATRN",3.26839005804702e-06,-0.609108209448243,0.014,0.1,0.0336611492078263
"ANKMY2",3.27601299834691e-06,-0.947180126058033,0.023,0.119,0.0337396578699748
"GEMIN5",3.30755630721052e-06,-0.732676654972123,0.014,0.1,0.0340645224079611
"CDK7",3.36472585352735e-06,-0.769667943138553,0.023,0.119,0.0346533115654782
"GTF2H3",3.40744393680067e-06,-0.274493623444579,0.014,0.1,0.0350932651051101
"FAM65B",3.51318163874737e-06,4.22151461359014,0.124,0.023,0.0361822576974592
"CCDC115",3.59769063664076e-06,0.349628167798782,0.136,0.335,0.0370526158667632
"DAXX",3.687649248588e-06,0.867531095860746,0.081,0.235,0.0379790996112078
"FKBP15",3.75686894619343e-06,-0.664518961721325,0.035,0.142,0.0386919932768462
"FCER1G",3.76923278558769e-06,3.2206231764355,0.295,0.177,0.0388193284587676
"GTF3C3",3.8598702267777e-06,-1.35779383724592,0.02,0.112,0.0397528034655836
"CD5",3.94735928338777e-06,4.07632936775507,0.104,0.012,0.0406538532596106
"ALKBH5",4.02890319133029e-06,0.516657209718244,0.139,0.338,0.0414936739675106
"CEP63",4.04813832098177e-06,0.295552913516628,0.052,0.177,0.0416917765677913
"GTPBP3",4.06721561262495e-06,-0.797622967678809,0.02,0.112,0.0418882535944244
"FAM114A2",4.2036210963287e-06,-0.821670196390531,0.02,0.112,0.0432930936710893
"DXO",4.22463169900006e-06,0.475615978020936,0.029,0.131,0.0435094818680016
"AMMECR1",4.28848767522353e-06,0.324004491796185,0.029,0.131,0.0441671345671271
"B3GALT6",4.28848767522353e-06,0.516903265586584,0.029,0.131,0.0441671345671271
"GCDH",4.3761735481177e-06,0.642853599487811,0.035,0.142,0.0450702113720642
"EBLN3",4.39221497777574e-06,0.482436540755301,0.116,0.296,0.0452354220561123
"CDC123",4.64662195469907e-06,0.445979736308242,0.101,0.269,0.0478555595114457
"ANAPC15",4.65267920267077e-06,0.419591120734017,0.121,0.308,0.0479179431083062
"GSKIP",4.69791640003074e-06,0.434617038259613,0.066,0.204,0.0483838410039166
"ATAD2",4.69955342649434e-06,-0.87437556621024,0.026,0.123,0.0484007007394652
"DOK1",4.72379644067226e-06,-0.587645759302478,0.026,0.123,0.0486503795424836
"E2F4",4.92265811027374e-06,0.605692295889665,0.101,0.269,0.0506984558777093
"CIRBP",4.95757176985528e-06,0.725995364994964,0.711,0.788,0.0510580316577395
"FAM102A",4.9929728853999e-06,0.384648303177417,0.075,0.219,0.0514226277467335
"COIL",5.03717980190017e-06,0.581441237366077,0.081,0.231,0.0518779147797698
"CCDC86",5.04613210708219e-06,-0.982384342711706,0.017,0.104,0.0519701145708394
"CLCF1",5.1914131672839e-06,-1.03658075940443,0.017,0.104,0.0534663642098569
"DTD1",5.19640976437599e-06,0.435430861614947,0.104,0.273,0.0535178241633084
"HIST1H2BN",5.21153827838963e-06,-0.332764545733316,0.038,0.146,0.0536736327291348
"ARID5A",5.43494615469538e-06,3.7556606454269,0.246,0.127,0.0559745104472077
"DPH7",5.43682341010228e-06,0.420743967374242,0.049,0.169,0.0559938443006434
"CA11",5.463069823059e-06,-0.301126674816684,0.017,0.104,0.0562641561076846
"CCL3",5.92152691664503e-06,4.98181706583144,0.318,0.215,0.0609858057145272
"DAPP1",6.05754150614027e-06,-0.958671302584869,0.023,0.115,0.0623866199717386
"EXOC3-AS1",6.38524096517359e-06,-0.323885458969542,0.023,0.115,0.0657615967003228
"CBX6",6.50443065393015e-06,0.668890882256912,0.107,0.277,0.0669891313048266
"EXOC1",7.18351347042163e-06,-0.390420993438537,0.035,0.138,0.0739830052318724
"BAK1",7.23681441300056e-06,0.652097968756971,0.058,0.185,0.0745319516394928
"HERC2",7.54722518642586e-06,0.334735935396079,0.052,0.173,0.0777288721949999
"AC016831.7",7.60714193578009e-06,3.63426656442995,0.165,0.054,0.0783459547965992
"ANKRD54",7.83245387583061e-06,0.333885004181963,0.04,0.15,0.0806664424671795
"BCS1L",7.93176860918637e-06,-0.592076043681214,0.02,0.108,0.0816892849060104
"ARF1",8.12930824042768e-06,-0.407215740364659,0.41,0.723,0.0837237455681647
"APTX",8.20868578041954e-06,0.556225366681433,0.04,0.15,0.0845412548525409
"ELMOD2",8.3728227564013e-06,-0.391691287394782,0.02,0.108,0.086231701568177
"CPT1A",8.41819533753343e-06,0.337661101441047,0.02,0.108,0.0866989937812568
"ARIH2",8.61064231533655e-06,0.27453757531961,0.101,0.262,0.0886810052056511
"CENPT",8.83986649806822e-06,-0.475286085019664,0.038,0.142,0.0910417850636046
"ERN1",8.84329586243892e-06,0.651287869866307,0.055,0.177,0.0910771040872585
"CABIN1",8.91534801539951e-06,0.411898532969005,0.055,0.177,0.0918191692105995
"GSAP",9.04402481279152e-06,-0.40465216681069,0.038,0.142,0.0931444115469399
"COMMD2",9.48411122551788e-06,0.356818503902859,0.116,0.288,0.0976768615116087
"CSTF1",9.55094214626346e-06,0.385428407900271,0.055,0.177,0.0983651531643674
"BRD2",9.59270425231192e-06,-0.258342688166898,0.303,0.608,0.0987952610945605
"GSR",9.61667532901459e-06,-0.370646558037826,0.032,0.131,0.0990421392135212
"ATG4A",9.89615324010493e-06,-0.322706823448165,0.032,0.131,0.101920482219841
"ATP5B",9.98045391989076e-06,-0.358891170758909,0.373,0.685,0.102788694920955
"GDAP2",1.00722656511619e-05,0.308146238595039,0.026,0.119,0.103734263941317
"CDC37L1",1.01417851045072e-05,0.467245458151679,0.049,0.165,0.104450244791319
"C1D",1.03237293159297e-05,0.479918689420276,0.142,0.335,0.10632408822476
"AATF",1.04400982306148e-05,0.276131931113279,0.124,0.304,0.107522571677102
"CD44",1.0480288042715e-05,1.34945252114729,0.468,0.412,0.107936486551922
"GIMAP2",1.05280082488227e-05,3.25279031406692,0.168,0.058,0.108427956954625
"BLOC1S6",1.11533375350472e-05,0.444525714677186,0.064,0.192,0.114868223273451
"GLUD1",1.12247941773613e-05,0.286235667518221,0.133,0.315,0.115604155232644
"DNAJA3",1.13156884222957e-05,0.514578054920323,0.058,0.181,0.116540275061224
"DROSHA",1.1615276941838e-05,-0.982896481620361,0.023,0.112,0.11962573722399
"CWC25",1.16478793537249e-05,0.482426392410868,0.116,0.288,0.119961509464013
"CALR",1.28780567947086e-05,-0.389264262382363,0.451,0.762,0.132631106928704
"AEN",1.29490419999571e-05,0.309979836463273,0.023,0.112,0.133362183557558
"BPNT1",1.29490419999571e-05,0.395851599157587,0.023,0.112,0.133362183557558
"BOD1L1",1.36241056133571e-05,0.625789634141521,0.066,0.196,0.140314663711965
"ANKRD13D",1.40040941533062e-05,0.531663813586511,0.081,0.223,0.144228165684901
"AP006222.2",1.40451901395635e-05,0.4683413226006,0.04,0.146,0.144651413247365
"ANKS3",1.42201525377354e-05,0.618777649591408,0.029,0.123,0.146453350986137
"FARSA",1.45504065857387e-05,0.413076140127966,0.061,0.185,0.149854637426523
"AKAP11",1.50006553273204e-05,-1.2476599254518,0.026,0.115,0.154491749216073
"ATP6V1B2",1.50990591302281e-05,0.506743062971915,0.055,0.173,0.155505209982219
"HELQ",1.52076690164119e-05,-0.465238808920107,0.02,0.104,0.156623783200026
"CHRNB1",1.55353977130805e-05,-0.403261835964369,0.02,0.104,0.159999061047016
"DNPEP",1.57626840229837e-05,0.328390649800937,0.13,0.308,0.162339882752709
"ETS1",1.72382771686756e-05,3.10814649065971,0.188,0.077,0.17753701656019
"AC093323.3",1.88997717294031e-05,0.461925050410601,0.032,0.127,0.194648749041122
"COG8",1.90774467867752e-05,0.331622657739332,0.032,0.127,0.196478624456998
"GMPR2",1.93408639954801e-05,0.604208438573384,0.072,0.204,0.19919155828945
"AGO3",1.96679561241507e-05,0.877610961931387,0.064,0.188,0.202560280122628
"DNAJC9",1.99414906874352e-05,0.431353574023915,0.09,0.235,0.205377412589895
"GIMAP6",1.99915002393657e-05,2.54471009276086,0.127,0.031,0.205892460965228
"DCPS",2.01331009871936e-05,0.530104210813784,0.066,0.192,0.207350807067106
"CHST11",2.0198961496444e-05,4.41926485058984,0.113,0.023,0.208029104451877
"CLIC3",2.02654811519445e-05,1.2051905827722,0.327,0.2,0.208714190383877
"FAM208B",2.13960947961566e-05,0.38028663136261,0.046,0.154,0.220358380305617
"AAK1",2.14280182931839e-05,2.42626122813757,0.347,0.265,0.220687160401501
"ANKRD36C",2.15500870161741e-05,-1.73335329462398,0.081,0.212,0.221944346179577
"C19orf25",2.29654242102485e-05,0.71440523950555,0.107,0.265,0.236520903941349
"ELMSAN1",2.33426468427667e-05,0.811608511442306,0.09,0.235,0.240405919833654
"CCDC82",2.33855450770838e-05,0.335682259778875,0.055,0.169,0.240847728748886
"ANKH",2.37382670171181e-05,0.518937649242985,0.046,0.154,0.244480412009299
"ADAR",2.39046163297325e-05,0.291019068519976,0.217,0.465,0.246193643579915
"CREBBP",2.43306435309754e-05,0.459041228697958,0.092,0.238,0.250581297725515
"GPR183",2.44574845700423e-05,3.50305708584775,0.171,0.065,0.251887633586866
"BHLHE40",2.52934914480605e-05,0.571561531353993,0.176,0.392,0.260497668423576
"ADAM10",2.5769576270574e-05,0.401108388392705,0.087,0.227,0.265400866010642
"ACOT4",2.58357498514789e-05,0.401135305865776,0.029,0.119,0.266082387720381
"BICD1",2.58357498514789e-05,0.818736932777107,0.029,0.119,0.266082387720381
"EXOSC1",2.76360671657751e-05,0.390386002081107,0.121,0.288,0.284623855740318
"FBXO7",2.77689339481892e-05,0.488696440747789,0.191,0.415,0.285992250732401
"BMF",2.85220344520509e-05,-1.11750099083667,0.02,0.1,0.293748432821672
"CEP68",2.89744623427749e-05,-0.41617219869895,0.02,0.1,0.298407987668238
"HAUS2",3.05126973729254e-05,-0.403599165877207,0.026,0.112,0.314250270243759
"AC074117.10",3.10397558911772e-05,-0.311794149897963,0.026,0.112,0.319678445923234
"DOCK8",3.16285813741543e-05,3.67967622689993,0.139,0.042,0.325742759572415
"FBXO6",3.19431339216161e-05,0.528111665227415,0.084,0.219,0.328982336258724
"CXXC1",3.22879192640614e-05,-0.634187790454138,0.049,0.154,0.332533280500568
"BRD1",3.33979516075478e-05,0.382604032462863,0.026,0.112,0.343965503606135
"CDR2",3.43262282132451e-05,0.375603036210807,0.032,0.123,0.353525824368211
"GNB5",3.460497350335e-05,0.859828360222775,0.058,0.173,0.356396622111001
"DCP1A",3.5575061930216e-05,0.584509470002283,0.092,0.235,0.366387562819295
"EXOSC10",3.65211559789243e-05,0.339682019364739,0.046,0.15,0.376131385426941
"CSNK1G3",3.66181921466485e-05,0.904773001959215,0.052,0.162,0.377130760918333
"DTNBP1",3.94177769460906e-05,0.785107037886148,0.084,0.219,0.405963684767787
"ENTPD3-AS1",4.07949243048757e-05,-0.302748896915659,0.023,0.104,0.420146925415915
"BIRC2",4.10518028301445e-05,0.856087459716038,0.116,0.277,0.422792517347658
"HMGB2",4.14506403526478e-05,1.63110227188978,0.402,0.338,0.42690014499192
"CBWD5",4.2670449582774e-05,0.544624937868588,0.035,0.127,0.439462960252989
"EPC2",4.41949150402855e-05,0.619449114235145,0.023,0.104,0.455163429999901
"BRF1",4.43132083385905e-05,0.324732763408809,0.035,0.127,0.456381732679144
"BTN3A2",4.75595740862187e-05,2.92561700944687,0.263,0.162,0.489816053513966
"DDX52",4.75695116433974e-05,0.390588423124922,0.09,0.227,0.48991840041535
"F2R",4.78874560065213e-05,3.89256012508659,0.124,0.035,0.493192909411163
"C10orf54",4.86938782581035e-05,2.2588211150236,0.254,0.146,0.501498252180208
"GOLGA8A",4.96875091034855e-05,-1.12389822239333,0.026,0.108,0.511731656256797
"C17orf62",5.2555625051683e-05,0.814912727318441,0.136,0.312,0.541270382407283
"EDF1",5.31791000888101e-05,-0.382097773297946,0.668,0.865,0.547691551814655
"ANKRD44",5.33261413602824e-05,2.82353530635115,0.208,0.104,0.549205929869548
"GTF2E2",5.43913560845991e-05,0.510499515936919,0.075,0.2,0.560176576315286
"HNRNPDL",5.5414094368427e-05,0.913290072979413,0.592,0.673,0.570709757900429
"ALKBH3",5.72976148998969e-05,0.36482173117387,0.032,0.119,0.590108135854038
"FAM98B",5.83543134899033e-05,0.72313520026153,0.038,0.131,0.600991074632514
"GAK",5.95582974949103e-05,0.640647340156813,0.084,0.215,0.613390905900081
"C19orf53",6.02577087514885e-05,-0.319468068418884,0.419,0.758,0.62059414243158
"AGTRAP",6.06309614971915e-05,0.28959928823143,0.156,0.342,0.624438272459575
"E2F3",6.13939640382562e-05,0.34654434445092,0.026,0.108,0.632296435630001
"DDX39B",6.48041364326045e-05,-0.48083547956975,0.035,0.123,0.667417801119393
"CERK",6.5721002144998e-05,0.383213928349387,0.046,0.146,0.676860601091335
"AAED1",6.57544206457999e-05,0.623323372851931,0.087,0.219,0.677204778231093
"FXN",6.8212981424858e-05,0.427074911959441,0.055,0.162,0.702525495694613
"APEX2",6.98272340135113e-05,0.524856531596048,0.04,0.135,0.719150683105153
"ABT1",6.99930663362499e-05,0.724959707037808,0.133,0.304,0.720858590197038
"DMAP1",7.01560544478547e-05,0.333196057001071,0.072,0.192,0.722537204758455
"C19orf12",7.18930350168559e-05,0.570326483197544,0.04,0.135,0.740426367638599
"ADGRE5",7.42864614407961e-05,2.48439107241852,0.324,0.246,0.765076266378759
"ARMC7",7.43247125809734e-05,0.517150015692667,0.04,0.135,0.765470214871445
"CAMTA2",7.43691558104455e-05,-0.610642214622291,0.023,0.1,0.765927935691778
"CYP4V2",7.45574334220103e-05,0.440479744588186,0.035,0.123,0.767867006813285
"ATF6B",7.5105553445631e-05,0.418138506775146,0.176,0.373,0.773512094936553
"AUH",7.72042338554749e-05,0.696882543978543,0.035,0.123,0.795126404477536
"GCC2",7.74976242272267e-05,0.47399680751279,0.214,0.442,0.798148031916208
"BRAP",8.04520273346699e-05,0.444278498938114,0.023,0.1,0.828575429519766
"FPGS",8.55314348631036e-05,0.914423536309063,0.049,0.15,0.880888247655104
"CLASP2",8.55734154821476e-05,-1.25328592019056,0.026,0.104,0.881320606050638
"HEXDC",8.61974626844528e-05,1.04124972355123,0.049,0.15,0.88774766818718
"COMMD5",8.69951318935593e-05,0.995745519639876,0.107,0.254,0.895962863371767
"CD58",8.82192545805121e-05,1.02332757644518,0.09,0.223,0.908570102924694
"FAM53C",8.85182931072936e-05,0.398477584852664,0.069,0.185,0.911649900712017
"CGGBP1",8.85352128514018e-05,0.59295418339038,0.136,0.304,0.911824157156587
"CDK13",8.91423296423148e-05,0.364183540268538,0.078,0.2,0.9180768529862
"EAF1",9.02393262894985e-05,0.534466290758455,0.043,0.138,0.929374821455545
"FAM76A",9.47211777115723e-05,-0.372726024626583,0.032,0.115,0.975533409251483
"ASMTL",9.50927547729519e-05,0.767036940464805,0.043,0.138,0.979360281406632
"BCL7B",9.80648961984092e-05,0.501322861417328,0.173,0.369,1
"COX19",0.000100206102549961,0.340298794081617,0.127,0.285,1
"FAM122B",0.000101381058861924,0.829897896269457,0.052,0.154,1
"FAM179B",0.000101698750540252,0.370469321151357,0.032,0.115,1
"GALM",0.000103439367545559,0.772890760812179,0.104,0.246,1
"C12orf29",0.00010532181172365,0.654172401718816,0.046,0.142,1
"CGRRF1",0.000107332890694295,0.459151085629314,0.072,0.188,1
"COQ2",0.000110836638679104,0.764573284330495,0.046,0.142,1
"CCDC174",0.000115221039058606,0.571606276611087,0.072,0.188,1
"HLA-DPA1",0.000135585282823876,0.929290292853194,0.529,0.492,1
"FAM195B",0.000137563872002235,0.642763427358655,0.182,0.385,1
"HMGN1",0.000139467612912199,-0.261292283632933,0.517,0.785,1
"CCDC69",0.000139546156009312,2.97870746514789,0.188,0.092,1
"AARSD1",0.000139570054855348,-0.307283597605841,0.038,0.123,1
"ACSF3",0.000141918902823716,0.371665278011301,0.029,0.108,1
"DHRS1",0.000144510649079843,0.341991195959296,0.052,0.15,1
"COMMD7",0.000146449924229744,0.347720760515836,0.171,0.358,1
"CASP2",0.000146866737187657,0.307340469618341,0.043,0.135,1
"CHMP7",0.000148034482791305,0.509915585623555,0.043,0.135,1
"ATF7IP",0.000149318994094027,0.567012483979577,0.078,0.196,1
"EIF4G3",0.000149411390848596,0.535617030211421,0.061,0.165,1
"GSDMD",0.000156287248932012,0.510312211314121,0.168,0.358,1
"BBX",0.000156841046380862,0.44940033831084,0.199,0.412,1
"ARRB2",0.000158847702549384,3.06623153631703,0.228,0.135,1
"CCL3L3",0.000160136054715753,4.03772328220468,0.234,0.142,1
"DGCR6L",0.000160963621231987,0.385099581839218,0.22,0.446,1
"C1orf131",0.000161588976477489,0.824927552194474,0.052,0.15,1
"BDP1",0.000165933379999225,0.439687302166223,0.13,0.285,1
"DBNL",0.000166143169499089,0.378097554636993,0.182,0.377,1
"ATP9B",0.000170896816113644,-0.624546661147618,0.026,0.1,1
"ENTPD4",0.000171004826832194,0.438128324384203,0.038,0.123,1
"ETFDH",0.00017437187181801,0.458650927619356,0.046,0.138,1
"DSCR3",0.000176312135030665,1.07676333420642,0.061,0.165,1
"C16orf62",0.000179070882937523,0.277654878238873,0.032,0.112,1
"BLOC1S2",0.000181296662763723,0.426410334518529,0.162,0.342,1
"DLAT",0.000184470549025305,-0.506480130923802,0.035,0.115,1
"GFOD2",0.000190050602545646,0.342232020916992,0.026,0.1,1
"BRD9",0.000193175557251246,0.612964148604118,0.101,0.235,1
"ATP6V0A2",0.000194473262067496,0.684032993080141,0.026,0.1,1
"FEM1A",0.00019988102646379,0.343401059938095,0.04,0.127,1
"FRMD8",0.000204170476937306,0.335496994942715,0.049,0.142,1
"CXorf38",0.000204734225808052,0.501710902431203,0.04,0.127,1
"BIN3",0.000211377491648724,0.551341490332324,0.04,0.127,1
"FIP1L1",0.000211676546947504,0.778060533178836,0.092,0.219,1
"APOL2",0.00021758467995449,0.413319801494709,0.049,0.142,1
"GNA13",0.00021840324911647,1.02790718821791,0.075,0.188,1
"AP5M1",0.00022375126905689,0.767411802653428,0.066,0.173,1
"COG1",0.000224364515945617,0.423633925198544,0.035,0.115,1
"CUL1",0.000231583045692707,0.710548224762418,0.078,0.192,1
"FRAT2",0.000242905153740983,0.269179364759245,0.029,0.104,1
"DHX38",0.000244888728909006,0.31335620468456,0.052,0.146,1
"CCDC137",0.00025363129325139,0.744624216570096,0.043,0.131,1
"GLG1",0.000253693031635952,0.326617002000892,0.194,0.396,1
"CELF2",0.000258716680444157,1.70248827636668,0.318,0.231,1
"CPSF3",0.000259109455118499,0.503807719941138,0.052,0.146,1
"HNRNPH3",0.000259784717713457,0.29142334946067,0.243,0.477,1
"GNAI3",0.000260784040571355,0.65270722485611,0.188,0.385,1
"FKBP5",0.000261036346783579,0.65309095843318,0.081,0.196,1
"CIR1",0.000262187463488164,0.465004415819929,0.182,0.373,1
"ELF2",0.000279138032731746,0.281482848960546,0.075,0.185,1
"CDKN2C",0.000287164631516565,-0.298683491816221,0.032,0.108,1
"AC090498.1",0.000298701539825323,0.391319004360495,0.243,0.477,1
"ATRX",0.000301910996773966,0.300399250205099,0.243,0.477,1
"ARHGAP4",0.000323279725587647,3.56205250963721,0.15,0.065,1
"DDX59",0.000329640718751481,0.720873215587971,0.04,0.123,1
"FUT11",0.000329640718751481,0.647257933177197,0.04,0.123,1
"HMOX2",0.000343761378381964,0.377177495971792,0.168,0.342,1
"EPS15",0.000349699132813041,0.716835940611889,0.118,0.258,1
"FAM107B",0.000360348896792117,0.385630766251738,0.194,0.388,1
"DCTN3",0.000363041663098249,0.323271571984926,0.237,0.462,1
"DNAJC1",0.000368819706744363,0.497478279376683,0.176,0.358,1
"ANKRD28",0.000385428782890796,0.723320537267418,0.092,0.212,1
"COX8A",0.000389902505996488,-0.306296349840041,0.529,0.765,1
"FAM46C",0.000390483031930106,3.20571202616891,0.22,0.135,1
"EXOSC3",0.000394039635113174,0.78128952070234,0.069,0.173,1
"AKIRIN1",0.000401403480129809,0.751421484768112,0.173,0.358,1
"CDC27",0.000427347298649276,0.703721685678774,0.061,0.158,1
"ADNP2",0.000427350019320579,0.416340514075118,0.029,0.1,1
"EIF3F",0.000431139825821833,0.787993109892454,0.59,0.677,1
"CMIP",0.000443371662137356,0.836088170782036,0.098,0.223,1
"FAM104A",0.000449846436979929,0.787875793226002,0.11,0.242,1
"DYM",0.000470269936584675,0.374841363434212,0.046,0.131,1
"APOBEC3C",0.000472031696855724,3.40278336764071,0.234,0.154,1
"CDS2",0.000478988037749669,0.618475976680632,0.075,0.181,1
"CCNK",0.000485102029801813,0.764624616764045,0.072,0.177,1
"GRWD1",0.000500973962640814,0.816892102611706,0.038,0.115,1
"EPB41L4A-AS1",0.000505189897917418,0.593601406670168,0.182,0.369,1
"ARHGAP10",0.000533276758831524,0.25568251807322,0.04,0.119,1
"FAM76B",0.000534457853053618,0.35972240289003,0.032,0.104,1
"ANKRD12",0.000539227862182328,1.64083637818556,0.425,0.423,1
"FASTKD2",0.000541144179698187,0.959421242191854,0.032,0.104,1
"CDC42SE2",0.000541288631377393,1.87339688512924,0.379,0.354,1
"C16orf87",0.000542580863845798,0.756023004047278,0.066,0.165,1
"CTDSP1",0.000543853589372084,0.420910229700351,0.124,0.262,1
"DONSON",0.000556569534865829,0.349765545417335,0.049,0.135,1
"ATPIF1",0.000556726292875385,-0.35648981792677,0.457,0.708,1
"DDX39A",0.000566583643912024,0.70501851355733,0.136,0.285,1
"FGD3",0.00057004584969341,3.27041905506343,0.101,0.031,1
"AC093673.5",0.000610626380812633,1.02565032446181,0.049,0.135,1
"GRB2",0.000621405150308038,0.606904127037022,0.165,0.331,1
"DCTN6",0.000627320128634266,0.759566550129753,0.13,0.273,1
"CCDC88B",0.000646646817164685,0.830291443714529,0.069,0.169,1
"BBC3",0.000652760946287174,1.04837755004764,0.069,0.169,1
"ABHD17B",0.000657206915218879,0.342966648471126,0.043,0.123,1
"ATG16L1",0.000660712372870139,0.412739662888567,0.035,0.108,1
"ATG5",0.000663023943882011,0.852812437451353,0.104,0.227,1
"HDAC1",0.000678725714374131,0.352252571936668,0.191,0.369,1
"FCMR",0.000705695973098137,4.03578241912638,0.139,0.062,1
"CRY1",0.000720568751518947,0.321014087605997,0.038,0.112,1
"DNAJC17",0.000722452501473278,0.372462062392582,0.046,0.127,1
"BCAS2",0.000724378275361936,0.660302500947514,0.188,0.369,1
"CTR9",0.000742036093963236,0.687534550551975,0.084,0.192,1
"CEBPZ",0.000762421976404345,0.58125943671685,0.124,0.262,1
"ANGEL2",0.000781805492388716,0.804606614183982,0.055,0.142,1
"GLOD4",0.000808436406039358,0.59275253878084,0.118,0.25,1
"ADGRG1",0.000818998919217953,0.926969649487402,0.145,0.296,1
"BTBD10",0.000825805513040997,1.03403144796129,0.066,0.162,1
"BLOC1S4",0.000831982421557279,0.711320270907525,0.13,0.269,1
"ANAPC5",0.000847270681667703,0.626814011400324,0.156,0.312,1
"FAM204A",0.000878391051141783,0.892433600869749,0.162,0.327,1
"HCG18",0.000886353164996992,0.612488748639606,0.069,0.165,1
"CDIP1",0.000895507643762935,0.398739841962588,0.04,0.115,1
"C18orf32",0.000898387828735247,0.70593753416714,0.049,0.131,1
"CMTR2",0.000930974631136705,0.485188935913124,0.061,0.15,1
"ECD",0.000950599181397381,0.680318453510978,0.032,0.1,1
"DNMT1",0.000964394384792744,0.549759246346429,0.107,0.227,1
"FAM126B",0.00102698511016372,0.549234579062513,0.084,0.188,1
"ATF7IP2",0.00102789542372213,0.286625071789935,0.066,0.158,1
"DUSP4",0.00109383313567643,2.93387604545669,0.188,0.108,1
"DEF6",0.00115089111277738,2.92072812774061,0.185,0.108,1
"DUSP5",0.00118564007171865,0.538469340389054,0.081,0.181,1
"FAM21C",0.00122531877901601,0.290302250104635,0.038,0.108,1
"ASH2L",0.00125155440895293,0.446539610087582,0.046,0.123,1
"DDB2",0.00129004249346719,1.06075778199426,0.066,0.158,1
"GABARAP",0.00132983011540056,0.441360726590509,0.061,0.146,1
"ANP32E",0.0013416424010716,0.595480549516109,0.156,0.308,1
"C5orf56",0.00135415405545605,2.71681813785145,0.202,0.127,1
"ARHGEF1",0.00135746371374236,1.68211386328513,0.312,0.25,1
"ATP6V0E1",0.00140689953965209,-0.252932347721885,0.572,0.788,1
"FRG1",0.00146299801494886,0.527534843966715,0.139,0.273,1
"CRTC3",0.00148548359493777,0.968286128356371,0.069,0.162,1
"FAM49B",0.00149140469432998,2.07409236467859,0.358,0.338,1
"EML2",0.00150395532514011,0.754811046455597,0.061,0.146,1
"ATP6V0E2",0.00151784840705731,0.882477905172439,0.118,0.242,1
"EHD1",0.00153479887718494,0.694743454849684,0.127,0.258,1
"C15orf57",0.00154877031133564,0.52796562273399,0.064,0.15,1
"CBFB",0.00160604968366124,1.10774266955261,0.095,0.204,1
"DDX10",0.00179599861043064,0.484321398720143,0.035,0.1,1
"CCDC91",0.00191156622743276,1.17592728638126,0.11,0.227,1
"ATM",0.00195280728171021,2.52883045633632,0.228,0.158,1
"FBXW7",0.00197195515718417,0.913359609686887,0.081,0.177,1
"CCNG1",0.00198640270748567,0.768637916180549,0.153,0.3,1
"C9orf142",0.00201899579908057,1.47504959144104,0.399,0.392,1
"CHORDC1",0.00208226226155971,1.49833443350024,0.098,0.208,1
"ERVK3-1",0.00210291171825726,1.21004375561591,0.046,0.119,1
"CRNKL1",0.00211005025101472,0.803327977753524,0.046,0.119,1
"AKAP8",0.00213502623686867,0.69155587070722,0.061,0.142,1
"HMHA1",0.00214924802384739,2.03178116339871,0.251,0.181,1
"FAM172A",0.00221706161933733,0.737373034105597,0.084,0.181,1
"A1BG",0.00229117380665068,0.306273387535849,0.064,0.146,1
"DCAF16",0.00236737579490767,1.1829614016064,0.049,0.123,1
"CEP290",0.00244770299525518,0.428335070262704,0.04,0.108,1
"EIF4E3",0.00244770299525518,0.432882490601659,0.04,0.108,1
"EAPP",0.00256807232539885,0.432106333059,0.199,0.369,1
"DDIT4",0.00257406770071452,1.14021053449485,0.425,0.415,1
"DDX24",0.00259029740597911,1.31336816591081,0.454,0.504,1
"CNOT2",0.00263762276353868,0.807997937633908,0.185,0.35,1
"DUSP11",0.00269214885549521,1.07959672756802,0.113,0.227,1
"ADPGK",0.00273385024639824,0.656655407895162,0.116,0.231,1
"EP400",0.00303330996192968,1.01839477658436,0.055,0.131,1
"FABP5",0.00306720840340833,-1.28585813975566,0.153,0.273,1
"CD83",0.00319107275694801,0.356776613493988,0.061,0.138,1
"FARS2",0.00329805186511807,1.07470313391373,0.046,0.115,1
"CCDC97",0.00331905121468322,0.755978369357277,0.058,0.135,1
"GOLGA8B",0.00332854353261407,-0.446289927755642,0.055,0.127,1
"CCDC159",0.00337813247517522,0.514970472599919,0.049,0.119,1
"ARL6IP6",0.00343435093857414,0.814625515597603,0.087,0.181,1
"ANKRD13C",0.00347411679040291,0.698930698807305,0.038,0.1,1
"EIF3M",0.00352894166085132,0.262831204743381,0.298,0.535,1
"ASF1A",0.00355943465923158,0.681574952300507,0.107,0.212,1
"EWSR1",0.00357077266929075,0.662728234618008,0.205,0.381,1
"H3F3A",0.00358857480045948,-0.359953600732003,0.89,0.935,1
"ATG12",0.00374312758326681,0.629289054261237,0.231,0.423,1
"GGA1",0.00384663998224397,0.747631032945676,0.156,0.292,1
"EIF3D",0.00392457797628107,0.424775070496372,0.303,0.558,1
"HNRNPA0",0.00398991135682251,1.05232966366928,0.5,0.592,1
"ERCC5",0.00408532987089509,0.329684119186228,0.043,0.108,1
"DHRS4",0.00410441910938243,0.454640353489372,0.055,0.127,1
"COQ10B",0.0041079367244767,1.10699965440562,0.121,0.238,1
"APBA2",0.00426111063073073,3.17657423678804,0.116,0.054,1
"BAZ1A",0.00439455318259598,0.252315813193646,0.249,0.438,1
"CASP3",0.00442718734051225,1.01444126456394,0.081,0.169,1
"ELP6",0.00443961822713395,0.496452774018382,0.075,0.158,1
"ATP2B4",0.00453607805393059,0.594888059389844,0.098,0.196,1
"GMEB1",0.00471023754193556,1.47302597787291,0.043,0.108,1
"CTA-29F11.1",0.00476170632327117,0.776623360646847,0.098,0.196,1
"EED",0.00477220725049361,0.623336492536721,0.046,0.112,1
"AIP",0.00499413266837746,0.940222208275446,0.214,0.396,1
"GNB2L1",0.00507760411592692,-0.366738052283665,0.96,0.942,1
"HDAC10",0.00543335049415627,0.663657221178327,0.049,0.115,1
"CHRAC1",0.00560858519316195,1.18047391826523,0.09,0.181,1
"CRCP",0.00656051528632888,0.968513403285604,0.055,0.123,1
"CAPZA1",0.00677788858988455,0.418707986884122,0.266,0.465,1
"C3orf38",0.00695211700281156,0.63958990927572,0.043,0.104,1
"GOLGA7",0.00710064170214177,0.674803546640199,0.202,0.362,1
"ARPC1B",0.00712732269905685,-0.623215189698201,0.587,0.754,1
"ANAPC4",0.00737180735457778,0.718114992125721,0.046,0.108,1
"BST2",0.00741839800400899,-0.370518034990119,0.332,0.5,1
"HERPUD1",0.00755292979626023,0.254306007091656,0.332,0.581,1
"ASUN",0.00755743403976583,0.938180410750776,0.046,0.108,1
"DHX8",0.00775923574145337,1.00400305418503,0.046,0.108,1
"EEF1B2",0.0079385676803871,0.323710622696619,0.801,0.835,1
"CCBL2",0.00794980021093476,0.588502602250609,0.049,0.112,1
"HNRNPM",0.00874696932994126,0.359822900576746,0.303,0.535,1
"CIB1",0.00906916276421671,-0.301425477533468,0.494,0.708,1
"EIF3G",0.00933723191934766,0.862045373398451,0.523,0.631,1
"AIM1",0.00975912775477684,1.60563278458057,0.066,0.138,1
"DNAJB14",0.0107959626041467,0.856324095416692,0.124,0.227,1
"HMGB1",0.0109677129787991,0.301691178046781,0.763,0.842,1
"CUTC",0.0112276565261964,0.67151987274618,0.046,0.104,1
"CMC2",0.0121946627176226,0.766193062254509,0.182,0.319,1
"CCDC66",0.0127267040005628,0.766988140958557,0.101,0.188,1
"CMTM7",0.0127703908080718,1.12805457334624,0.113,0.208,1
"CSK",0.0128117978806342,2.67124059916769,0.185,0.131,1
"GALT",0.0129022242500667,1.23178575791615,0.078,0.154,1
"DDX6",0.0134737426958254,1.55047692746613,0.338,0.335,1
"B3GALT4",0.0134752059475838,2.04419723411151,0.078,0.154,1
"CARD8",0.0138736211158944,2.67020869537232,0.147,0.092,1
"BPGM",0.0143849230664711,1.42957972390426,0.113,0.208,1
"HERC1",0.0148301193786651,0.599537705750549,0.058,0.119,1
"HLA-DQA1",0.0151881352030395,1.42735794321284,0.243,0.192,1
"CCDC94",0.0151977553398829,0.374235950418794,0.061,0.123,1
"C19orf60",0.0153134753435212,0.48635230715402,0.295,0.519,1
"ACAA2",0.0155191605680128,0.558317066787252,0.118,0.212,1
"AMD1",0.0157112158566048,0.565710981888334,0.237,0.408,1
"CHST12",0.0160675897879604,1.87824127977328,0.289,0.262,1
"CDC40",0.0173108320005523,1.14531623430636,0.095,0.177,1
"EPB41",0.0173484987668256,1.29744574265811,0.095,0.177,1
"CCDC59",0.0174129976058277,0.966674793970375,0.208,0.365,1
"ACSS1",0.01813940690204,0.783481039273187,0.066,0.131,1
"DYRK2",0.0182745467248725,1.14130505045799,0.046,0.1,1
"DENND4B",0.0186449489362748,1.32404105180521,0.046,0.1,1
"CCDC107",0.0189868754631252,0.454404759593339,0.254,0.431,1
"BANP",0.0189967172097087,0.954706626891188,0.049,0.104,1
"ARPC4",0.0190358791681672,1.43975205808474,0.408,0.477,1
"ARL14EP",0.0190498881988437,1.08534152094286,0.069,0.135,1
"DMXL1",0.0192638563877757,1.33907551589754,0.049,0.104,1
"CLK3",0.0196696306222035,0.968000730902312,0.11,0.196,1
"DIAPH1",0.0205826384592653,1.03737252724555,0.136,0.238,1
"GK5",0.0210348757382588,0.602319835638236,0.058,0.115,1
"CALCOCO1",0.0211530083627197,1.087775521764,0.072,0.138,1
"CTDSPL2",0.0215962842686383,1.16923735633523,0.055,0.112,1
"ELP2",0.0225243472378409,0.972054119110434,0.104,0.185,1
"ACP5",0.0235760207992551,0.976470290597377,0.147,0.254,1
"DDX46",0.0236260656509248,0.552662515394738,0.286,0.488,1
"C6orf226",0.0246111856856266,0.580703911562514,0.092,0.165,1
"ATXN1",0.0254644031587805,0.986333549943829,0.107,0.188,1
"C19orf66",0.0259139278276396,1.95228508239288,0.249,0.215,1
"GGA2",0.0259303048795499,0.714097078638798,0.113,0.196,1
"ELMOD3",0.0276883500690025,0.936948029831858,0.049,0.1,1
"CD164",0.0284984249912854,0.378140968206856,0.321,0.535,1
"EIF4A1",0.029152250599956,0.449797875992851,0.332,0.577,1
"CTAGE5",0.0295146932876339,0.567085778763674,0.061,0.115,1
"ABI1",0.0296229077369043,0.867476599760269,0.133,0.227,1
"CPQ",0.0297450471363895,1.28942347223194,0.069,0.131,1
"FBXO3",0.0306544717095623,1.65309885668702,0.069,0.131,1
"GTPBP8",0.030936025041645,1.39962186502756,0.052,0.104,1
"ABCA2",0.0313218197934547,-1.05550906601086,0.055,0.104,1
"CNN2",0.0315245901139894,0.532754517980083,0.263,0.435,1
"ARPC3",0.0315947307442299,0.314210235165,0.708,0.796,1
"EXOSC9",0.0319223502257634,0.999195654167458,0.055,0.108,1
"DLGAP1-AS1",0.0320031876416808,1.32277371957211,0.055,0.108,1
"DEDD2",0.0321427183297226,1.08765438342657,0.139,0.235,1
"FHL3",0.0326439377863425,0.896262275977969,0.058,0.112,1
"CYTH1",0.0326524788608587,1.0245036058615,0.139,0.235,1
"DPP7",0.0336764002018684,0.545091849970064,0.263,0.435,1
"CCSER2",0.0339837915341283,0.891673083443408,0.159,0.265,1
"AKR1B1",0.0341607675203737,-0.489173107606476,0.188,0.292,1
"ARID4A",0.0344719783916617,0.709005616371211,0.142,0.235,1
"EIF1AY",0.0354063120068067,0.546588243613694,0.118,0.2,1
"FNIP1",0.0357002829609311,0.930214110379677,0.199,0.335,1
"ATXN7",0.0364506788061032,1.24438694279358,0.11,0.188,1
"COMMD6",0.0377412556548509,0.350193366636067,0.647,0.785,1
"GABPB1-AS1",0.0381468648559393,0.598510793911001,0.104,0.177,1
"CLK1",0.0409278887915375,1.60967700655878,0.341,0.362,1
"GLRX",0.0437434550873954,0.368348947150587,0.202,0.319,1
"BNIP2",0.0440195586184801,1.00983273194825,0.159,0.262,1
"DENND3",0.0443107130942033,0.712060176772922,0.061,0.112,1
"GTPBP1",0.0444798640331633,1.06993787198951,0.081,0.142,1
"DTX3",0.0456915083348877,0.443938768399361,0.069,0.123,1
"EIF3L",0.0470711899264832,0.258818631321329,0.393,0.646,1
"DCP2",0.04885265464209,1.21860537115822,0.061,0.112,1
"CHD1",0.0488724422506693,1.11168258321473,0.211,0.35,1
"AES",0.0492009803598277,0.870358506256884,0.48,0.612,1
"COMMD8",0.049565406716628,1.13737014647634,0.147,0.242,1
"DIP2A",0.0496569631675721,0.587683565267935,0.107,0.177,1
"ERICH1",0.0506079986258779,1.07066215130333,0.133,0.219,1
"B3GNT2",0.050892254657586,0.964390719096557,0.092,0.158,1
"CAP1",0.05444487645457,0.846390328971524,0.488,0.627,1
"ARPC5L",0.0561720062137936,0.586336500160859,0.315,0.515,1
"CREB1",0.05666037612278,1.0742203742651,0.098,0.165,1
"ARID5B",0.0569616745041114,1.49432891440589,0.199,0.327,1
"AKAP10",0.0604462076384569,0.772758797840818,0.058,0.104,1
"HAGHL",0.0614594720365204,1.09891962639434,0.055,0.1,1
"CAPZB",0.0625925303715081,0.695746367979994,0.5,0.608,1
"DZIP3",0.0636381403314028,1.17712522924572,0.055,0.1,1
"GYG1",0.0683180531735257,1.92721084668082,0.162,0.265,1
"ADA",0.0693785620349287,2.85499782221999,0.113,0.077,1
"FBXO33",0.0721604775896741,1.13435725443378,0.072,0.123,1
"GABPB1",0.0730186960701727,2.14479657533147,0.214,0.192,1
"CASP1",0.0740613001289999,2.11183742622828,0.202,0.177,1
"DHX36",0.0757614242238671,0.736267261702623,0.246,0.392,1
"CCDC85B",0.0759798297194915,1.05864934921914,0.405,0.473,1
"APMAP",0.0777831203299657,2.06381790453554,0.312,0.342,1
"CCNDBP1",0.0787029772178171,0.957055369659592,0.208,0.331,1
"CRBN",0.0809674288230386,0.821050758056388,0.156,0.242,1
"CWF19L2",0.0811786394538807,0.668158389386522,0.101,0.162,1
"C1orf21",0.0844729046568225,0.870589031824413,0.159,0.246,1
"DNAJB6",0.0880272216835199,1.00269714615178,0.436,0.546,1
"CYFIP2",0.0920900189915896,2.59021145720449,0.153,0.123,1
"GTF3C1",0.0930359135004052,2.25740933439448,0.087,0.142,1
"BCL2A1",0.0947045612240387,2.7650671499557,0.11,0.077,1
"HNRNPUL1",0.101279286357489,0.970742054324399,0.251,0.404,1
"GBP2",0.102735144602064,2.14107903526923,0.208,0.188,1
"ARL6IP5",0.104832195269824,0.890715701433834,0.451,0.55,1
"CDKN2D",0.108525319137088,2.6109358588743,0.142,0.112,1
"GTF2B",0.110509523144888,0.89119832909968,0.147,0.227,1
"DNTTIP2",0.111071757130483,1.15222059759732,0.176,0.273,1
"CALM3",0.117548700804082,0.435513433954131,0.332,0.527,1
"GIT2",0.118556249061854,1.46409392607382,0.092,0.146,1
"HOPX",0.127580085119801,-0.329203807070615,0.5,0.612,1
"HNRNPF",0.132288651595581,0.409590893516156,0.358,0.565,1
"ACTR6",0.136071813772031,1.40772912916133,0.078,0.123,1
"ABHD3",0.138468670044828,1.16600204713855,0.087,0.135,1
"HMBOX1",0.151461449008662,1.55623549919171,0.087,0.135,1
"FUS",0.151871035801973,0.464778120422272,0.555,0.727,1
"GPATCH8",0.152710198666529,1.29412791520047,0.153,0.231,1
"FGFR1OP2",0.1574740276673,1.53710367360645,0.165,0.25,1
"EPC1",0.157656150652454,1.55711204092086,0.289,0.308,1
"HOTAIRM1",0.165686104221291,0.821452204195457,0.081,0.123,1
"HLA-DRB1",0.169858867369985,0.388692772106555,0.569,0.627,1
"FOSL2",0.184398369916509,1.30360305457261,0.194,0.292,1
"ABTB1",0.186786650201636,1.58459378784638,0.095,0.142,1
"BAX",0.188351918935202,0.734368208870507,0.303,0.473,1
"CYB561D2",0.192141139547495,1.28229162714379,0.15,0.219,1
"ARHGEF3",0.196983505708241,2.61285663932167,0.136,0.115,1
"DDX3Y",0.206654318359832,0.70932164479134,0.092,0.135,1
"DENND4A",0.216374699621799,1.21919755775012,0.078,0.115,1
"CHMP1B",0.22747956132894,0.968839952435651,0.234,0.342,1
"EPSTI1",0.236483785193716,1.71327721536104,0.11,0.088,1
"DDX3X",0.243998637480323,1.16360194959147,0.315,0.504,1
"CDC42SE1",0.245065940520826,1.97359448588434,0.286,0.327,1
"BTN3A1",0.245733195573117,2.27201170244081,0.101,0.081,1
"CHIC2",0.246124229477869,1.80481261935174,0.095,0.138,1
"GPBP1",0.250992072796845,0.792935839216593,0.295,0.446,1
"ABRACL",0.252790301112779,1.16447926169001,0.341,0.408,1
"ARF6",0.252874198760643,1.08855909193271,0.396,0.512,1
"GTF3A",0.253923668605602,0.468937625259274,0.382,0.6,1
"CKLF",0.258592484841076,0.62911291793257,0.358,0.535,1
"CENPC",0.271409624017908,1.00537732526914,0.081,0.115,1
"BIN1",0.278519898759712,1.15006742052469,0.202,0.288,1
"CASP4",0.279981175988856,0.622043416485514,0.318,0.481,1
"CEP78",0.288296065112668,1.4897958120382,0.078,0.112,1
"CERS5",0.291081699035275,1.83290188700777,0.072,0.104,1
"C9orf78",0.292611297948199,1.39330841516615,0.315,0.369,1
"EIF4A2",0.2995139974265,0.351510695882924,0.581,0.719,1
"CH17-189H20.1",0.304916801665789,1.68278283541793,0.24,0.258,1
"G3BP2",0.306750563986039,1.38454214851117,0.228,0.338,1
"ABHD14B",0.310721729694757,1.38430220699974,0.202,0.292,1
"CMTM3",0.316041552134524,1.28558128187241,0.191,0.273,1
"BIRC3",0.321301678369217,1.02066618269541,0.266,0.273,1
"BUB3",0.321452572117451,1.68512283838921,0.272,0.308,1
"CDK6",0.335934685777108,1.19375913245125,0.081,0.112,1
"FOXP1",0.345137884482964,1.00793458565162,0.234,0.331,1
"GNPTAB",0.349018018477639,1.07358137065808,0.142,0.192,1
"DAZAP2",0.3543039812671,0.659162532213933,0.457,0.608,1
"CDC42",0.370604871396807,0.416674736454858,0.569,0.754,1
"DR1",0.387394552912794,1.46874077427731,0.171,0.235,1
"EFHD2",0.393123386191514,1.33383990082782,0.289,0.335,1
"EML4",0.404843387659796,1.58608299223709,0.315,0.392,1
"CARD16",0.412197311096643,1.06393716053246,0.26,0.281,1
"DENND2D",0.412573350333352,2.31362505605403,0.188,0.196,1
"CCDC12",0.415071249527998,1.41823132099033,0.324,0.404,1
"ARHGAP26",0.415273249192127,1.12914084655389,0.084,0.112,1
"DHRS7",0.424441843815925,0.760418313042529,0.396,0.504,1
"GABARAPL1",0.426994914643383,1.72240001537387,0.22,0.238,1
"ATP8A1",0.430351552375115,0.682104315593986,0.104,0.135,1
"CYLD",0.434511941834594,1.58822716049171,0.159,0.215,1
"GSTK1",0.436729180672567,0.914910546126593,0.416,0.554,1
"ARPC5",0.437109867253646,0.47382649677018,0.41,0.615,1
"CTD-3252C9.4",0.453108269242481,1.10866287522805,0.11,0.142,1
"HNRNPK",0.487318100157522,0.370814796613431,0.535,0.727,1
"AKIRIN2",0.492457391162383,1.91873633230318,0.145,0.192,1
"CHMP4A",0.509464693215129,1.11359774113946,0.301,0.438,1
"ARGLU1",0.520561972895699,0.542014524009855,0.332,0.465,1
"CORO7",0.523083986786375,2.04069655320127,0.078,0.1,1
"CTSC",0.52616891047226,0.463619167500627,0.425,0.515,1
"CCDC109B",0.527424889378174,1.74645741825905,0.168,0.223,1
"GRK6",0.5298967977689,1.79600226728444,0.118,0.154,1
"FOXN3",0.534986580450381,2.18716244852956,0.162,0.169,1
"CTSS",0.543686124531405,0.924830793438761,0.318,0.388,1
"ARFGAP2",0.550198241880816,1.42155780315941,0.185,0.246,1
"DGKZ",0.550660874340592,2.0437229631768,0.153,0.158,1
"DRAP1",0.555445195473154,0.709573774729923,0.439,0.612,1
"CDK11A",0.558198248663853,0.898280631157661,0.084,0.104,1
"C1QB",0.563122578724705,0.93263476472545,0.147,0.185,1
"ESYT1",0.568823917859591,1.55660379756404,0.107,0.135,1
"BATF",0.572509019602268,1.29661172133705,0.165,0.212,1
"EXOG",0.580819675987417,1.58549389619935,0.092,0.115,1
"HBB",0.600217208281181,2.59798444862326,0.104,0.131,1
"CLK4",0.602846558359566,1.64915386493628,0.081,0.1,1
"AKAP13",0.61531907099917,0.952040537531921,0.341,0.427,1
"CBLB",0.627346686007176,1.9884209801903,0.15,0.158,1
"FAM118A",0.636223000776241,1.33400394091663,0.107,0.131,1
"FAM129A",0.638673233471718,1.43126372155177,0.136,0.169,1
"ARID4B",0.666620088792925,1.19868198699928,0.347,0.458,1
"DCK",0.667588081450833,2.25393127390904,0.121,0.123,1
"ABHD17A",0.674215204948211,1.80564134775977,0.231,0.273,1
"ATG2A",0.675173820807161,2.19031954878331,0.136,0.142,1
"CASP8",0.712199199202965,1.90581396401783,0.139,0.146,1
"CDKN1B",0.725110875456183,1.46593067631931,0.202,0.231,1
"ATP2B1",0.7288414388803,2.04367434324754,0.153,0.165,1
"ACTR3",0.733501702981416,0.740389327822927,0.35,0.496,1
"DUSP10",0.740515731026866,1.36579071414469,0.136,0.165,1
"DUSP1",0.742745785968283,0.530395646994103,0.572,0.688,1
"CYCS",0.748204121412335,0.373188444416598,0.462,0.642,1
"C1QA",0.773136431832243,1.13072830716654,0.191,0.235,1
"BCLAF1",0.778410795693994,1.46864691542304,0.277,0.354,1
"FNBP4",0.803368836076868,0.967338923057508,0.185,0.223,1
"DBF4",0.809509826742968,1.93659057402875,0.092,0.108,1
"C1orf56",0.824193039055297,1.12542942444916,0.217,0.246,1
"DNAJB1",0.830131619909032,0.773747614653041,0.454,0.6,1
"CRIP1",0.838678053861084,0.272861242915572,0.309,0.377,1
"ERAP2",0.852970532115643,1.6935261998513,0.113,0.131,1
"ADAM8",0.853748134000548,1.5042665636889,0.153,0.169,1
"CCDC88C",0.85663813692287,2.29561982523068,0.133,0.146,1
"ATP1B3",0.859330934376727,1.57771325390677,0.315,0.431,1
"CSRNP1",0.873203792167292,1.5631311940602,0.217,0.277,1
"FKBP8",0.882160108505757,0.477284553589364,0.422,0.581,1
"ANXA2R",0.882456926526162,1.18919126997647,0.133,0.142,1
"FKBP11",0.889300849817289,1.4274290677543,0.217,0.262,1
"HIGD2A",0.890938114228242,0.356130608298272,0.48,0.673,1
"ARAP2",0.90529209636495,1.85300553478259,0.139,0.162,1
"APOL6",0.911575449543705,1.16529599302136,0.194,0.223,1
"ARHGDIA",0.924107958149152,0.856891594341867,0.393,0.573,1
"CCL18",0.954479640573262,1.20235068687182,0.101,0.108,1
"HERPUD2",0.962948866552683,1.78643349558975,0.191,0.235,1
"EMB",0.977064911317475,1.95091794321045,0.217,0.273,1
"CCNH",0.979710317404586,1.89679333540519,0.179,0.215,1
